solid OpenSCAD_Model
  facet normal -0.997859 -0.0654002 0
    outer loop
      vertex 0.0222425 2.26063 -8
      vertex 0 2.6 0
      vertex 0 2.6 -8
    endloop
  endfacet
  facet normal -0.997859 -0.0654002 0
    outer loop
      vertex 0 2.6 0
      vertex 0.0222425 2.26063 -8
      vertex 0.0222425 2.26063 0
    endloop
  endfacet
  facet normal 0.555378 0.831598 -0
    outer loop
      vertex 143.483 94.9627 -8
      vertex 143.2 95.1517 0
      vertex 143.483 94.9627 0
    endloop
  endfacet
  facet normal 0.555378 0.831598 0
    outer loop
      vertex 143.2 95.1517 0
      vertex 143.483 94.9627 -8
      vertex 143.2 95.1517 -8
    endloop
  endfacet
  facet normal -0.555677 0.831398 0
    outer loop
      vertex 1.3 95.1517 -8
      vertex 1.01722 94.9627 0
      vertex 1.3 95.1517 0
    endloop
  endfacet
  facet normal -0.555677 0.831398 0
    outer loop
      vertex 1.01722 94.9627 0
      vertex 1.3 95.1517 -8
      vertex 1.01722 94.9627 -8
    endloop
  endfacet
  facet normal -1 0 0
    outer loop
      vertex 0 92.9 -8
      vertex 0 5 0
      vertex 0 92.9 0
    endloop
  endfacet
  facet normal -1 0 0
    outer loop
      vertex 0 2.6 -8
      vertex 0 5 0
      vertex 0 92.9 -8
    endloop
  endfacet
  facet normal -1 -0 0
    outer loop
      vertex 0 5 0
      vertex 0 2.6 -8
      vertex 0 2.6 0
    endloop
  endfacet
  facet normal -1 0 0
    outer loop
      vertex 0 92.9 0
      vertex 0 96 2.4
      vertex 0 96 0
    endloop
  endfacet
  facet normal -1 0 0
    outer loop
      vertex 0 5 2.4
      vertex 0 92.9 0
      vertex 0 5 0
    endloop
  endfacet
  facet normal -1 0 0
    outer loop
      vertex 0 92.9 0
      vertex 0 5 2.4
      vertex 0 96 2.4
    endloop
  endfacet
  facet normal 0 0 -1
    outer loop
      vertex 142.024 3.01732 -8
      vertex 144.5 2.6 -8
      vertex 144.478 2.26063 -8
    endloop
  endfacet
  facet normal 0 0 -1
    outer loop
      vertex 144.5 2.6 -8
      vertex 142.1 3.4 -8
      vertex 144.5 92.9 -8
    endloop
  endfacet
  facet normal 0 0 -1
    outer loop
      vertex 141.966 2.9 -8
      vertex 144.478 2.26063 -8
      vertex 144.411 1.92707 -8
    endloop
  endfacet
  facet normal 0 0 -1
    outer loop
      vertex 142.1 92.1 -8
      vertex 144.5 92.9 -8
      vertex 142.1 3.4 -8
    endloop
  endfacet
  facet normal 0 0 -1
    outer loop
      vertex 141.966 2.9 -8
      vertex 144.411 1.92707 -8
      vertex 144.302 1.60502 -8
    endloop
  endfacet
  facet normal 0 0 -1
    outer loop
      vertex 142.091 92.2305 -8
      vertex 144.5 92.9 -8
      vertex 142.1 92.1 -8
    endloop
  endfacet
  facet normal 0 0 -1
    outer loop
      vertex 141.893 2.79124 -8
      vertex 144.302 1.60502 -8
      vertex 144.152 1.3 -8
    endloop
  endfacet
  facet normal 0 0 -1
    outer loop
      vertex 142.066 92.3588 -8
      vertex 144.5 92.9 -8
      vertex 142.091 92.2305 -8
    endloop
  endfacet
  facet normal 0 0 -1
    outer loop
      vertex 141.893 2.79124 -8
      vertex 144.152 1.3 -8
      vertex 143.963 1.01722 -8
    endloop
  endfacet
  facet normal 0 0 -1
    outer loop
      vertex 142.024 92.4827 -8
      vertex 144.5 92.9 -8
      vertex 142.066 92.3588 -8
    endloop
  endfacet
  facet normal 0 0 -1
    outer loop
      vertex 141.807 2.69289 -8
      vertex 143.963 1.01722 -8
      vertex 143.738 0.761522 -8
    endloop
  endfacet
  facet normal -0 0 -1
    outer loop
      vertex 144.5 92.9 -8
      vertex 142.024 92.4827 -8
      vertex 144.478 93.2394 -8
    endloop
  endfacet
  facet normal 0 0 -1
    outer loop
      vertex 141.807 2.69289 -8
      vertex 143.738 0.761522 -8
      vertex 143.483 0.537281 -8
    endloop
  endfacet
  facet normal 0 0 -1
    outer loop
      vertex 141.966 92.6 -8
      vertex 144.478 93.2394 -8
      vertex 142.024 92.4827 -8
    endloop
  endfacet
  facet normal 0 0 -1
    outer loop
      vertex 141.709 2.60665 -8
      vertex 143.483 0.537281 -8
      vertex 143.2 0.348333 -8
    endloop
  endfacet
  facet normal -0 0 -1
    outer loop
      vertex 144.478 93.2394 -8
      vertex 141.966 92.6 -8
      vertex 144.411 93.5729 -8
    endloop
  endfacet
  facet normal 0 0 -1
    outer loop
      vertex 141.709 2.60665 -8
      vertex 143.2 0.348333 -8
      vertex 142.895 0.197913 -8
    endloop
  endfacet
  facet normal -0 0 -1
    outer loop
      vertex 144.411 93.5729 -8
      vertex 141.966 92.6 -8
      vertex 144.302 93.895 -8
    endloop
  endfacet
  facet normal 0 0 -1
    outer loop
      vertex 141.6 2.53397 -8
      vertex 142.895 0.197913 -8
      vertex 142.573 0.0885925 -8
    endloop
  endfacet
  facet normal 0 0 -1
    outer loop
      vertex 141.893 92.7088 -8
      vertex 144.302 93.895 -8
      vertex 141.966 92.6 -8
    endloop
  endfacet
  facet normal 0 0 -1
    outer loop
      vertex 141.6 2.53397 -8
      vertex 142.573 0.0885925 -8
      vertex 142.239 0.0222425 -8
    endloop
  endfacet
  facet normal -0 0 -1
    outer loop
      vertex 144.302 93.895 -8
      vertex 141.893 92.7088 -8
      vertex 144.152 94.2 -8
    endloop
  endfacet
  facet normal -0 0 -1
    outer loop
      vertex 144.152 94.2 -8
      vertex 141.893 92.7088 -8
      vertex 143.963 94.4828 -8
    endloop
  endfacet
  facet normal 0 0 -1
    outer loop
      vertex 144.5 2.6 -8
      vertex 142.091 3.26947 -8
      vertex 142.1 3.4 -8
    endloop
  endfacet
  facet normal 0 0 -1
    outer loop
      vertex 144.5 2.6 -8
      vertex 142.066 3.14118 -8
      vertex 142.091 3.26947 -8
    endloop
  endfacet
  facet normal 0 0 -1
    outer loop
      vertex 144.5 2.6 -8
      vertex 142.024 3.01732 -8
      vertex 142.066 3.14118 -8
    endloop
  endfacet
  facet normal 0 0 -1
    outer loop
      vertex 144.478 2.26063 -8
      vertex 141.966 2.9 -8
      vertex 142.024 3.01732 -8
    endloop
  endfacet
  facet normal 0 0 -1
    outer loop
      vertex 141.483 2.47612 -8
      vertex 142.239 0.0222425 -8
      vertex 141.9 0 -8
    endloop
  endfacet
  facet normal 0 0 -1
    outer loop
      vertex 144.302 1.60502 -8
      vertex 141.893 2.79124 -8
      vertex 141.966 2.9 -8
    endloop
  endfacet
  facet normal 0 0 -1
    outer loop
      vertex 143.963 1.01722 -8
      vertex 141.807 2.69289 -8
      vertex 141.893 2.79124 -8
    endloop
  endfacet
  facet normal 0 0 -1
    outer loop
      vertex 143.483 0.537281 -8
      vertex 141.709 2.60665 -8
      vertex 141.807 2.69289 -8
    endloop
  endfacet
  facet normal 0 0 -1
    outer loop
      vertex 142.895 0.197913 -8
      vertex 141.6 2.53397 -8
      vertex 141.709 2.60665 -8
    endloop
  endfacet
  facet normal 0 0 -1
    outer loop
      vertex 142.239 0.0222425 -8
      vertex 141.483 2.47612 -8
      vertex 141.6 2.53397 -8
    endloop
  endfacet
  facet normal 0 0 -1
    outer loop
      vertex 141.9 0 -8
      vertex 141.359 2.43407 -8
      vertex 141.483 2.47612 -8
    endloop
  endfacet
  facet normal 0 0 -1
    outer loop
      vertex 141.9 0 -8
      vertex 141.231 2.40855 -8
      vertex 141.359 2.43407 -8
    endloop
  endfacet
  facet normal 0 0 -1
    outer loop
      vertex 141.9 0 -8
      vertex 141.1 2.4 -8
      vertex 141.231 2.40855 -8
    endloop
  endfacet
  facet normal 0 0 -1
    outer loop
      vertex 141.9 0 -8
      vertex 3.4 2.4 -8
      vertex 141.1 2.4 -8
    endloop
  endfacet
  facet normal 0 0 -1
    outer loop
      vertex 2.6 0 -8
      vertex 3.4 2.4 -8
      vertex 141.9 0 -8
    endloop
  endfacet
  facet normal 0 0 -1
    outer loop
      vertex 2.6 0 -8
      vertex 3.26947 2.40855 -8
      vertex 3.4 2.4 -8
    endloop
  endfacet
  facet normal 0 0 -1
    outer loop
      vertex 2.6 0 -8
      vertex 3.14118 2.43407 -8
      vertex 3.26947 2.40855 -8
    endloop
  endfacet
  facet normal 0 0 -1
    outer loop
      vertex 2.6 0 -8
      vertex 3.01732 2.47612 -8
      vertex 3.14118 2.43407 -8
    endloop
  endfacet
  facet normal 0 0 -1
    outer loop
      vertex 2.26063 0.0222425 -8
      vertex 3.01732 2.47612 -8
      vertex 2.6 0 -8
    endloop
  endfacet
  facet normal -0 0 -1
    outer loop
      vertex 3.01732 2.47612 -8
      vertex 2.26063 0.0222425 -8
      vertex 2.9 2.53397 -8
    endloop
  endfacet
  facet normal 0 0 -1
    outer loop
      vertex 1.92707 0.0885925 -8
      vertex 2.9 2.53397 -8
      vertex 2.26063 0.0222425 -8
    endloop
  endfacet
  facet normal 0 0 -1
    outer loop
      vertex 1.60502 0.197913 -8
      vertex 2.9 2.53397 -8
      vertex 1.92707 0.0885925 -8
    endloop
  endfacet
  facet normal -0 0 -1
    outer loop
      vertex 2.9 2.53397 -8
      vertex 1.60502 0.197913 -8
      vertex 2.79124 2.60665 -8
    endloop
  endfacet
  facet normal 0 0 -1
    outer loop
      vertex 1.3 0.348333 -8
      vertex 2.79124 2.60665 -8
      vertex 1.60502 0.197913 -8
    endloop
  endfacet
  facet normal 0 0 -1
    outer loop
      vertex 1.01722 0.537281 -8
      vertex 2.79124 2.60665 -8
      vertex 1.3 0.348333 -8
    endloop
  endfacet
  facet normal -0 0 -1
    outer loop
      vertex 2.79124 2.60665 -8
      vertex 1.01722 0.537281 -8
      vertex 2.69289 2.69289 -8
    endloop
  endfacet
  facet normal 0 0 -1
    outer loop
      vertex 0.761522 0.761522 -8
      vertex 2.69289 2.69289 -8
      vertex 1.01722 0.537281 -8
    endloop
  endfacet
  facet normal -0 0 -1
    outer loop
      vertex 2.69289 2.69289 -8
      vertex 0.537281 1.01722 -8
      vertex 2.60665 2.79124 -8
    endloop
  endfacet
  facet normal 0 0 -1
    outer loop
      vertex 0.537281 1.01722 -8
      vertex 2.69289 2.69289 -8
      vertex 0.761522 0.761522 -8
    endloop
  endfacet
  facet normal 0 0 -1
    outer loop
      vertex 141.807 92.8071 -8
      vertex 143.963 94.4828 -8
      vertex 141.893 92.7088 -8
    endloop
  endfacet
  facet normal -0 0 -1
    outer loop
      vertex 143.963 94.4828 -8
      vertex 141.807 92.8071 -8
      vertex 143.738 94.7385 -8
    endloop
  endfacet
  facet normal -0 0 -1
    outer loop
      vertex 143.738 94.7385 -8
      vertex 141.807 92.8071 -8
      vertex 143.483 94.9627 -8
    endloop
  endfacet
  facet normal 0 0 -1
    outer loop
      vertex 141.709 92.8934 -8
      vertex 143.483 94.9627 -8
      vertex 141.807 92.8071 -8
    endloop
  endfacet
  facet normal -0 0 -1
    outer loop
      vertex 143.483 94.9627 -8
      vertex 141.709 92.8934 -8
      vertex 143.2 95.1517 -8
    endloop
  endfacet
  facet normal -0 0 -1
    outer loop
      vertex 143.2 95.1517 -8
      vertex 141.709 92.8934 -8
      vertex 142.895 95.3021 -8
    endloop
  endfacet
  facet normal 0 0 -1
    outer loop
      vertex 141.6 92.966 -8
      vertex 142.895 95.3021 -8
      vertex 141.709 92.8934 -8
    endloop
  endfacet
  facet normal -0 0 -1
    outer loop
      vertex 142.895 95.3021 -8
      vertex 141.6 92.966 -8
      vertex 142.573 95.4114 -8
    endloop
  endfacet
  facet normal -0 0 -1
    outer loop
      vertex 142.573 95.4114 -8
      vertex 141.6 92.966 -8
      vertex 142.239 95.4778 -8
    endloop
  endfacet
  facet normal 0 0 -1
    outer loop
      vertex 141.483 93.0239 -8
      vertex 142.239 95.4778 -8
      vertex 141.6 92.966 -8
    endloop
  endfacet
  facet normal -0 0 -1
    outer loop
      vertex 142.239 95.4778 -8
      vertex 141.483 93.0239 -8
      vertex 141.9 95.5 -8
    endloop
  endfacet
  facet normal 0 0 -1
    outer loop
      vertex 141.359 93.0659 -8
      vertex 141.9 95.5 -8
      vertex 141.483 93.0239 -8
    endloop
  endfacet
  facet normal 0 0 -1
    outer loop
      vertex 141.231 93.0914 -8
      vertex 141.9 95.5 -8
      vertex 141.359 93.0659 -8
    endloop
  endfacet
  facet normal 0 0 -1
    outer loop
      vertex 141.1 93.1 -8
      vertex 141.9 95.5 -8
      vertex 141.231 93.0914 -8
    endloop
  endfacet
  facet normal 0 0 -1
    outer loop
      vertex 3.4 93.1 -8
      vertex 141.9 95.5 -8
      vertex 141.1 93.1 -8
    endloop
  endfacet
  facet normal 0 0 -1
    outer loop
      vertex 3.4 93.1 -8
      vertex 2.6 95.5 -8
      vertex 141.9 95.5 -8
    endloop
  endfacet
  facet normal 0 0 -1
    outer loop
      vertex 3.26947 93.0914 -8
      vertex 2.6 95.5 -8
      vertex 3.4 93.1 -8
    endloop
  endfacet
  facet normal 0 0 -1
    outer loop
      vertex 3.14118 93.0659 -8
      vertex 2.6 95.5 -8
      vertex 3.26947 93.0914 -8
    endloop
  endfacet
  facet normal 0 0 -1
    outer loop
      vertex 3.01732 93.0239 -8
      vertex 2.6 95.5 -8
      vertex 3.14118 93.0659 -8
    endloop
  endfacet
  facet normal 0 0 -1
    outer loop
      vertex 2.26063 95.4778 -8
      vertex 3.01732 93.0239 -8
      vertex 2.9 92.966 -8
    endloop
  endfacet
  facet normal 0 0 -1
    outer loop
      vertex 1.60502 95.3021 -8
      vertex 2.9 92.966 -8
      vertex 2.79124 92.8934 -8
    endloop
  endfacet
  facet normal 0 0 -1
    outer loop
      vertex 1.01722 94.9627 -8
      vertex 2.79124 92.8934 -8
      vertex 2.69289 92.8071 -8
    endloop
  endfacet
  facet normal 0 0 -1
    outer loop
      vertex 0.537281 94.4828 -8
      vertex 2.69289 92.8071 -8
      vertex 2.60665 92.7088 -8
    endloop
  endfacet
  facet normal 0 0 -1
    outer loop
      vertex 0.197913 93.895 -8
      vertex 2.60665 92.7088 -8
      vertex 2.53397 92.6 -8
    endloop
  endfacet
  facet normal 0 0 -1
    outer loop
      vertex 0.0222425 93.2394 -8
      vertex 2.53397 92.6 -8
      vertex 2.47612 92.4827 -8
    endloop
  endfacet
  facet normal 0 0 -1
    outer loop
      vertex 0 92.9 -8
      vertex 2.47612 92.4827 -8
      vertex 2.43407 92.3588 -8
    endloop
  endfacet
  facet normal 0 0 -1
    outer loop
      vertex 0 92.9 -8
      vertex 2.43407 92.3588 -8
      vertex 2.40855 92.2305 -8
    endloop
  endfacet
  facet normal 0 0 -1
    outer loop
      vertex 0 92.9 -8
      vertex 2.40855 92.2305 -8
      vertex 2.4 92.1 -8
    endloop
  endfacet
  facet normal 0 0 -1
    outer loop
      vertex 3.01732 93.0239 -8
      vertex 2.26063 95.4778 -8
      vertex 2.6 95.5 -8
    endloop
  endfacet
  facet normal -0 0 -1
    outer loop
      vertex 2.4 3.4 -8
      vertex 0 2.6 -8
      vertex 2.4 92.1 -8
    endloop
  endfacet
  facet normal 0 0 -1
    outer loop
      vertex 0.348333 1.3 -8
      vertex 2.60665 2.79124 -8
      vertex 0.537281 1.01722 -8
    endloop
  endfacet
  facet normal 0 0 -1
    outer loop
      vertex 0 92.9 -8
      vertex 2.4 92.1 -8
      vertex 0 2.6 -8
    endloop
  endfacet
  facet normal 0 0 -1
    outer loop
      vertex 0.197913 1.60502 -8
      vertex 2.60665 2.79124 -8
      vertex 0.348333 1.3 -8
    endloop
  endfacet
  facet normal 0 0 -1
    outer loop
      vertex 2.47612 92.4827 -8
      vertex 0 92.9 -8
      vertex 0.0222425 93.2394 -8
    endloop
  endfacet
  facet normal -0 0 -1
    outer loop
      vertex 2.60665 2.79124 -8
      vertex 0.197913 1.60502 -8
      vertex 2.53397 2.9 -8
    endloop
  endfacet
  facet normal 0 0 -1
    outer loop
      vertex 2.9 92.966 -8
      vertex 1.92707 95.4114 -8
      vertex 2.26063 95.4778 -8
    endloop
  endfacet
  facet normal 0 0 -1
    outer loop
      vertex 0.0885925 1.92707 -8
      vertex 2.53397 2.9 -8
      vertex 0.197913 1.60502 -8
    endloop
  endfacet
  facet normal 0 0 -1
    outer loop
      vertex 2.9 92.966 -8
      vertex 1.60502 95.3021 -8
      vertex 1.92707 95.4114 -8
    endloop
  endfacet
  facet normal 0 0 -1
    outer loop
      vertex 0.0222425 2.26063 -8
      vertex 2.53397 2.9 -8
      vertex 0.0885925 1.92707 -8
    endloop
  endfacet
  facet normal 0 0 -1
    outer loop
      vertex 2.79124 92.8934 -8
      vertex 1.3 95.1517 -8
      vertex 1.60502 95.3021 -8
    endloop
  endfacet
  facet normal -0 0 -1
    outer loop
      vertex 2.53397 2.9 -8
      vertex 0.0222425 2.26063 -8
      vertex 2.47612 3.01732 -8
    endloop
  endfacet
  facet normal 0 0 -1
    outer loop
      vertex 2.79124 92.8934 -8
      vertex 1.01722 94.9627 -8
      vertex 1.3 95.1517 -8
    endloop
  endfacet
  facet normal 0 0 -1
    outer loop
      vertex 0 2.6 -8
      vertex 2.47612 3.01732 -8
      vertex 0.0222425 2.26063 -8
    endloop
  endfacet
  facet normal 0 0 -1
    outer loop
      vertex 2.69289 92.8071 -8
      vertex 0.761522 94.7385 -8
      vertex 1.01722 94.9627 -8
    endloop
  endfacet
  facet normal -0 0 -1
    outer loop
      vertex 2.47612 3.01732 -8
      vertex 0 2.6 -8
      vertex 2.43407 3.14118 -8
    endloop
  endfacet
  facet normal 0 0 -1
    outer loop
      vertex 2.69289 92.8071 -8
      vertex 0.537281 94.4828 -8
      vertex 0.761522 94.7385 -8
    endloop
  endfacet
  facet normal -0 0 -1
    outer loop
      vertex 2.43407 3.14118 -8
      vertex 0 2.6 -8
      vertex 2.40855 3.26947 -8
    endloop
  endfacet
  facet normal 0 0 -1
    outer loop
      vertex 2.60665 92.7088 -8
      vertex 0.348333 94.2 -8
      vertex 0.537281 94.4828 -8
    endloop
  endfacet
  facet normal -0 0 -1
    outer loop
      vertex 2.40855 3.26947 -8
      vertex 0 2.6 -8
      vertex 2.4 3.4 -8
    endloop
  endfacet
  facet normal 0 0 -1
    outer loop
      vertex 2.60665 92.7088 -8
      vertex 0.197913 93.895 -8
      vertex 0.348333 94.2 -8
    endloop
  endfacet
  facet normal 0 0 -1
    outer loop
      vertex 2.53397 92.6 -8
      vertex 0.0885925 93.5729 -8
      vertex 0.197913 93.895 -8
    endloop
  endfacet
  facet normal 0 0 -1
    outer loop
      vertex 2.53397 92.6 -8
      vertex 0.0222425 93.2394 -8
      vertex 0.0885925 93.5729 -8
    endloop
  endfacet
  facet normal 0 0 -1
    outer loop
      vertex 68.9124 100.934 0
      vertex 5 101 0
      vertex 69.0119 101 0
    endloop
  endfacet
  facet normal 0 0 -1
    outer loop
      vertex 67.9289 100.071 0
      vertex 5 101 0
      vertex 68.9124 100.934 0
    endloop
  endfacet
  facet normal 0 0 -1
    outer loop
      vertex 67.0665 99.0876 0
      vertex 5 101 0
      vertex 67.9289 100.071 0
    endloop
  endfacet
  facet normal 0 0 -1
    outer loop
      vertex 66.3397 98 0
      vertex 5 101 0
      vertex 67.0665 99.0876 0
    endloop
  endfacet
  facet normal 0 0 -1
    outer loop
      vertex 65.7612 96.8268 0
      vertex 5 101 0
      vertex 66.3397 98 0
    endloop
  endfacet
  facet normal 0 0 -1
    outer loop
      vertex 65.3407 95.5882 0
      vertex 5 101 0
      vertex 65.7612 96.8268 0
    endloop
  endfacet
  facet normal 0 0 -1
    outer loop
      vertex 65.3232 95.5 0
      vertex 5 101 0
      vertex 65.3407 95.5882 0
    endloop
  endfacet
  facet normal 0 0 -1
    outer loop
      vertex 2.6 95.5 0
      vertex 5 101 0
      vertex 65.3232 95.5 0
    endloop
  endfacet
  facet normal 0 0 -1
    outer loop
      vertex 5 101 0
      vertex 2.6 95.5 0
      vertex 4.34737 100.957 0
    endloop
  endfacet
  facet normal 0 0 -1
    outer loop
      vertex 4.34737 100.957 0
      vertex 2.6 95.5 0
      vertex 3.7059 100.83 0
    endloop
  endfacet
  facet normal 0 0 -1
    outer loop
      vertex 3.7059 100.83 0
      vertex 2.6 95.5 0
      vertex 3.08658 100.619 0
    endloop
  endfacet
  facet normal 0 0 -1
    outer loop
      vertex 2.6 95.5 0
      vertex 2.5 100.33 0
      vertex 3.08658 100.619 0
    endloop
  endfacet
  facet normal 0 0 -1
    outer loop
      vertex 0.669872 98.5 0
      vertex 2.6 95.5 0
      vertex 2.26063 95.4778 0
    endloop
  endfacet
  facet normal 0 0 -1
    outer loop
      vertex 2.6 95.5 0
      vertex 1.95619 99.9668 0
      vertex 2.5 100.33 0
    endloop
  endfacet
  facet normal 0 0 -1
    outer loop
      vertex 0.17037 97.2941 0
      vertex 2.26063 95.4778 0
      vertex 1.92707 95.4114 0
    endloop
  endfacet
  facet normal 0 0 -1
    outer loop
      vertex 0.0427752 96.6526 0
      vertex 1.92707 95.4114 0
      vertex 1.60502 95.3021 0
    endloop
  endfacet
  facet normal 0 0 -1
    outer loop
      vertex 2.6 95.5 0
      vertex 1.46447 99.5355 0
      vertex 1.95619 99.9668 0
    endloop
  endfacet
  facet normal 0 0 -1
    outer loop
      vertex 0 96 0
      vertex 1.60502 95.3021 0
      vertex 1.3 95.1517 0
    endloop
  endfacet
  facet normal 0 0 -1
    outer loop
      vertex 2.6 95.5 0
      vertex 1.03323 99.0438 0
      vertex 1.46447 99.5355 0
    endloop
  endfacet
  facet normal 0 0 -1
    outer loop
      vertex 0 96 0
      vertex 1.3 95.1517 0
      vertex 1.01722 94.9627 0
    endloop
  endfacet
  facet normal 0 0 -1
    outer loop
      vertex 0 96 0
      vertex 1.01722 94.9627 0
      vertex 0.761522 94.7385 0
    endloop
  endfacet
  facet normal 0 0 -1
    outer loop
      vertex 2.6 95.5 0
      vertex 0.669872 98.5 0
      vertex 1.03323 99.0438 0
    endloop
  endfacet
  facet normal 0 0 -1
    outer loop
      vertex 0 96 0
      vertex 0.761522 94.7385 0
      vertex 0.537281 94.4828 0
    endloop
  endfacet
  facet normal 0 0 -1
    outer loop
      vertex 2.26063 95.4778 0
      vertex 0.380602 97.9134 0
      vertex 0.669872 98.5 0
    endloop
  endfacet
  facet normal 0 0 -1
    outer loop
      vertex 0 96 0
      vertex 0.537281 94.4828 0
      vertex 0.348333 94.2 0
    endloop
  endfacet
  facet normal 0 0 -1
    outer loop
      vertex 0 96 0
      vertex 0.348333 94.2 0
      vertex 0.197913 93.895 0
    endloop
  endfacet
  facet normal 0 0 -1
    outer loop
      vertex 1.60502 95.3021 0
      vertex 0 96 0
      vertex 0.0427752 96.6526 0
    endloop
  endfacet
  facet normal 0 0 -1
    outer loop
      vertex 0 96 0
      vertex 0.197913 93.895 0
      vertex 0.0885925 93.5729 0
    endloop
  endfacet
  facet normal 0 0 -1
    outer loop
      vertex 2.26063 95.4778 0
      vertex 0.17037 97.2941 0
      vertex 0.380602 97.9134 0
    endloop
  endfacet
  facet normal 0 0 -1
    outer loop
      vertex 0 96 0
      vertex 0.0885925 93.5729 0
      vertex 0.0222425 93.2394 0
    endloop
  endfacet
  facet normal 0 0 -1
    outer loop
      vertex 0 96 0
      vertex 0.0222425 93.2394 0
      vertex 0 92.9 0
    endloop
  endfacet
  facet normal 0 0 -1
    outer loop
      vertex 1.92707 95.4114 0
      vertex 0.0427752 96.6526 0
      vertex 0.17037 97.2941 0
    endloop
  endfacet
  facet normal 0 0 1
    outer loop
      vertex 4.34737 0.0427752 0
      vertex 2.6 0 0
      vertex 5 0 0
    endloop
  endfacet
  facet normal 0 0 1
    outer loop
      vertex 3.7059 0.17037 0
      vertex 2.6 0 0
      vertex 4.34737 0.0427752 0
    endloop
  endfacet
  facet normal 0 0 1
    outer loop
      vertex 3.08658 0.380602 0
      vertex 2.6 0 0
      vertex 3.7059 0.17037 0
    endloop
  endfacet
  facet normal 0 0 1
    outer loop
      vertex 2.5 0.669872 0
      vertex 2.6 0 0
      vertex 3.08658 0.380602 0
    endloop
  endfacet
  facet normal 0 0 1
    outer loop
      vertex 2.5 0.669872 0
      vertex 2.26063 0.0222425 0
      vertex 2.6 0 0
    endloop
  endfacet
  facet normal 0 0 1
    outer loop
      vertex 1.92707 0.0885925 0
      vertex 2.5 0.669872 0
      vertex 1.95619 1.03323 0
    endloop
  endfacet
  facet normal 0 0 1
    outer loop
      vertex 2.5 0.669872 0
      vertex 1.92707 0.0885925 0
      vertex 2.26063 0.0222425 0
    endloop
  endfacet
  facet normal 0 0 1
    outer loop
      vertex 1.95619 1.03323 0
      vertex 1.60502 0.197913 0
      vertex 1.92707 0.0885925 0
    endloop
  endfacet
  facet normal 0 0 1
    outer loop
      vertex 1.01722 0.537281 0
      vertex 1.95619 1.03323 0
      vertex 1.46447 1.46447 0
    endloop
  endfacet
  facet normal 0 0 1
    outer loop
      vertex 1.95619 1.03323 0
      vertex 1.3 0.348333 0
      vertex 1.60502 0.197913 0
    endloop
  endfacet
  facet normal 0 0 1
    outer loop
      vertex 0.537281 1.01722 0
      vertex 1.46447 1.46447 0
      vertex 1.03323 1.95619 0
    endloop
  endfacet
  facet normal 0 0 1
    outer loop
      vertex 1.95619 1.03323 0
      vertex 1.01722 0.537281 0
      vertex 1.3 0.348333 0
    endloop
  endfacet
  facet normal 0 0 1
    outer loop
      vertex 1.46447 1.46447 0
      vertex 0.761522 0.761522 0
      vertex 1.01722 0.537281 0
    endloop
  endfacet
  facet normal 0 0 1
    outer loop
      vertex 0.0885925 1.92707 0
      vertex 1.03323 1.95619 0
      vertex 0.669872 2.5 0
    endloop
  endfacet
  facet normal 0 0 1
    outer loop
      vertex 1.46447 1.46447 0
      vertex 0.537281 1.01722 0
      vertex 0.761522 0.761522 0
    endloop
  endfacet
  facet normal -0 0 1
    outer loop
      vertex 0 2.6 0
      vertex 0.669872 2.5 0
      vertex 0.380602 3.08658 0
    endloop
  endfacet
  facet normal 0 0 1
    outer loop
      vertex 1.03323 1.95619 0
      vertex 0.348333 1.3 0
      vertex 0.537281 1.01722 0
    endloop
  endfacet
  facet normal 0 0 1
    outer loop
      vertex 1.03323 1.95619 0
      vertex 0.197913 1.60502 0
      vertex 0.348333 1.3 0
    endloop
  endfacet
  facet normal 0 0 1
    outer loop
      vertex 0 2.6 0
      vertex 0.380602 3.08658 0
      vertex 0.17037 3.7059 0
    endloop
  endfacet
  facet normal 0 0 1
    outer loop
      vertex 0.669872 2.5 0
      vertex 0 2.6 0
      vertex 0.0222425 2.26063 0
    endloop
  endfacet
  facet normal 0 0 1
    outer loop
      vertex 0 2.6 0
      vertex 0.17037 3.7059 0
      vertex 0.0427752 4.34737 0
    endloop
  endfacet
  facet normal 0 0 1
    outer loop
      vertex 1.03323 1.95619 0
      vertex 0.0885925 1.92707 0
      vertex 0.197913 1.60502 0
    endloop
  endfacet
  facet normal 0 0 1
    outer loop
      vertex 0 2.6 0
      vertex 0.0427752 4.34737 0
      vertex 0 5 0
    endloop
  endfacet
  facet normal 0 0 1
    outer loop
      vertex 0.669872 2.5 0
      vertex 0.0222425 2.26063 0
      vertex 0.0885925 1.92707 0
    endloop
  endfacet
  facet normal 0 0 -1
    outer loop
      vertex 144.5 2.6 0
      vertex 150 5 0
      vertex 149.957 4.34737 0
    endloop
  endfacet
  facet normal 0 0 -1
    outer loop
      vertex 150 5 0
      vertex 144.5 92.9 0
      vertex 150 96 0
    endloop
  endfacet
  facet normal 0 0 -1
    outer loop
      vertex 144.5 2.6 0
      vertex 149.957 4.34737 0
      vertex 149.83 3.7059 0
    endloop
  endfacet
  facet normal 0 0 -1
    outer loop
      vertex 144.478 93.2394 0
      vertex 150 96 0
      vertex 144.5 92.9 0
    endloop
  endfacet
  facet normal 0 0 -1
    outer loop
      vertex 144.5 2.6 0
      vertex 149.83 3.7059 0
      vertex 149.619 3.08658 0
    endloop
  endfacet
  facet normal 0 0 -1
    outer loop
      vertex 144.411 93.5729 0
      vertex 150 96 0
      vertex 144.478 93.2394 0
    endloop
  endfacet
  facet normal 0 0 -1
    outer loop
      vertex 144.5 2.6 0
      vertex 149.619 3.08658 0
      vertex 149.33 2.5 0
    endloop
  endfacet
  facet normal 0 0 -1
    outer loop
      vertex 144.302 93.895 0
      vertex 150 96 0
      vertex 144.411 93.5729 0
    endloop
  endfacet
  facet normal 0 0 -1
    outer loop
      vertex 144.5 2.6 0
      vertex 149.33 2.5 0
      vertex 148.967 1.95619 0
    endloop
  endfacet
  facet normal 0 0 -1
    outer loop
      vertex 144.152 94.2 0
      vertex 150 96 0
      vertex 144.302 93.895 0
    endloop
  endfacet
  facet normal 0 0 -1
    outer loop
      vertex 144.5 2.6 0
      vertex 148.967 1.95619 0
      vertex 148.536 1.46447 0
    endloop
  endfacet
  facet normal -0 0 -1
    outer loop
      vertex 150 96 0
      vertex 144.152 94.2 0
      vertex 149.957 96.6526 0
    endloop
  endfacet
  facet normal 0 0 -1
    outer loop
      vertex 144.5 2.6 0
      vertex 148.536 1.46447 0
      vertex 148.044 1.03323 0
    endloop
  endfacet
  facet normal 0 0 -1
    outer loop
      vertex 143.963 94.4828 0
      vertex 149.957 96.6526 0
      vertex 144.152 94.2 0
    endloop
  endfacet
  facet normal 0 0 -1
    outer loop
      vertex 144.5 2.6 0
      vertex 148.044 1.03323 0
      vertex 147.5 0.669872 0
    endloop
  endfacet
  facet normal -0 0 -1
    outer loop
      vertex 149.957 96.6526 0
      vertex 143.963 94.4828 0
      vertex 149.83 97.2941 0
    endloop
  endfacet
  facet normal 0 0 -1
    outer loop
      vertex 144.478 2.26063 0
      vertex 147.5 0.669872 0
      vertex 146.913 0.380602 0
    endloop
  endfacet
  facet normal -0 0 -1
    outer loop
      vertex 149.83 97.2941 0
      vertex 143.963 94.4828 0
      vertex 149.619 97.9134 0
    endloop
  endfacet
  facet normal 0 0 -1
    outer loop
      vertex 144.478 2.26063 0
      vertex 146.913 0.380602 0
      vertex 146.294 0.17037 0
    endloop
  endfacet
  facet normal -0 0 -1
    outer loop
      vertex 149.619 97.9134 0
      vertex 143.963 94.4828 0
      vertex 149.33 98.5 0
    endloop
  endfacet
  facet normal 0 0 -1
    outer loop
      vertex 144.411 1.92707 0
      vertex 146.294 0.17037 0
      vertex 145.653 0.0427752 0
    endloop
  endfacet
  facet normal 0 0 -1
    outer loop
      vertex 143.738 94.7385 0
      vertex 149.33 98.5 0
      vertex 143.963 94.4828 0
    endloop
  endfacet
  facet normal 0 0 -1
    outer loop
      vertex 144.302 1.60502 0
      vertex 145.653 0.0427752 0
      vertex 145 0 0
    endloop
  endfacet
  facet normal -0 0 -1
    outer loop
      vertex 149.33 98.5 0
      vertex 143.738 94.7385 0
      vertex 148.967 99.0438 0
    endloop
  endfacet
  facet normal -0 0 -1
    outer loop
      vertex 150 5 0
      vertex 144.5 2.6 0
      vertex 144.5 92.9 0
    endloop
  endfacet
  facet normal 0 0 -1
    outer loop
      vertex 147.5 0.669872 0
      vertex 144.478 2.26063 0
      vertex 144.5 2.6 0
    endloop
  endfacet
  facet normal 0 0 -1
    outer loop
      vertex 146.294 0.17037 0
      vertex 144.411 1.92707 0
      vertex 144.478 2.26063 0
    endloop
  endfacet
  facet normal 0 0 -1
    outer loop
      vertex 145.653 0.0427752 0
      vertex 144.302 1.60502 0
      vertex 144.411 1.92707 0
    endloop
  endfacet
  facet normal 0 0 -1
    outer loop
      vertex 145 0 0
      vertex 144.152 1.3 0
      vertex 144.302 1.60502 0
    endloop
  endfacet
  facet normal 0 0 -1
    outer loop
      vertex 145 0 0
      vertex 143.963 1.01722 0
      vertex 144.152 1.3 0
    endloop
  endfacet
  facet normal 0 0 -1
    outer loop
      vertex 145 0 0
      vertex 143.738 0.761522 0
      vertex 143.963 1.01722 0
    endloop
  endfacet
  facet normal 0 0 -1
    outer loop
      vertex 145 0 0
      vertex 143.483 0.537281 0
      vertex 143.738 0.761522 0
    endloop
  endfacet
  facet normal 0 0 -1
    outer loop
      vertex 145 0 0
      vertex 143.2 0.348333 0
      vertex 143.483 0.537281 0
    endloop
  endfacet
  facet normal 0 0 -1
    outer loop
      vertex 145 0 0
      vertex 142.895 0.197913 0
      vertex 143.2 0.348333 0
    endloop
  endfacet
  facet normal 0 0 -1
    outer loop
      vertex 145 0 0
      vertex 142.573 0.0885925 0
      vertex 142.895 0.197913 0
    endloop
  endfacet
  facet normal 0 0 -1
    outer loop
      vertex 145 0 0
      vertex 142.239 0.0222425 0
      vertex 142.573 0.0885925 0
    endloop
  endfacet
  facet normal 0 -0 -1
    outer loop
      vertex 142.239 0.0222425 0
      vertex 145 0 0
      vertex 141.9 0 0
    endloop
  endfacet
  facet normal -0 0 -1
    outer loop
      vertex 148.967 99.0438 0
      vertex 143.738 94.7385 0
      vertex 148.536 99.5355 0
    endloop
  endfacet
  facet normal -0 0 -1
    outer loop
      vertex 148.536 99.5355 0
      vertex 143.738 94.7385 0
      vertex 148.044 99.9668 0
    endloop
  endfacet
  facet normal -0 0 -1
    outer loop
      vertex 148.044 99.9668 0
      vertex 143.738 94.7385 0
      vertex 147.5 100.33 0
    endloop
  endfacet
  facet normal 0 0 -1
    outer loop
      vertex 143.483 94.9627 0
      vertex 147.5 100.33 0
      vertex 143.738 94.7385 0
    endloop
  endfacet
  facet normal -0 0 -1
    outer loop
      vertex 147.5 100.33 0
      vertex 143.483 94.9627 0
      vertex 146.913 100.619 0
    endloop
  endfacet
  facet normal -0 0 -1
    outer loop
      vertex 146.913 100.619 0
      vertex 143.483 94.9627 0
      vertex 146.294 100.83 0
    endloop
  endfacet
  facet normal -0 0 -1
    outer loop
      vertex 146.294 100.83 0
      vertex 143.483 94.9627 0
      vertex 145.653 100.957 0
    endloop
  endfacet
  facet normal -0 0 -1
    outer loop
      vertex 145.653 100.957 0
      vertex 143.483 94.9627 0
      vertex 145 101 0
    endloop
  endfacet
  facet normal 0 0 -1
    outer loop
      vertex 143.2 95.1517 0
      vertex 145 101 0
      vertex 143.483 94.9627 0
    endloop
  endfacet
  facet normal 0 0 -1
    outer loop
      vertex 142.895 95.3021 0
      vertex 145 101 0
      vertex 143.2 95.1517 0
    endloop
  endfacet
  facet normal 0 0 -1
    outer loop
      vertex 142.573 95.4114 0
      vertex 145 101 0
      vertex 142.895 95.3021 0
    endloop
  endfacet
  facet normal 0 0 -1
    outer loop
      vertex 142.239 95.4778 0
      vertex 145 101 0
      vertex 142.573 95.4114 0
    endloop
  endfacet
  facet normal 0 0 -1
    outer loop
      vertex 141.9 95.5 0
      vertex 145 101 0
      vertex 142.239 95.4778 0
    endloop
  endfacet
  facet normal 0 0 -1
    outer loop
      vertex 84.6593 95.5882 0
      vertex 141.9 95.5 0
      vertex 84.6768 95.5 0
    endloop
  endfacet
  facet normal 0 0 -1
    outer loop
      vertex 84.2388 96.8268 0
      vertex 141.9 95.5 0
      vertex 84.6593 95.5882 0
    endloop
  endfacet
  facet normal 0 0 -1
    outer loop
      vertex 83.6603 98 0
      vertex 141.9 95.5 0
      vertex 84.2388 96.8268 0
    endloop
  endfacet
  facet normal 0 0 -1
    outer loop
      vertex 141.9 95.5 0
      vertex 83.6603 98 0
      vertex 145 101 0
    endloop
  endfacet
  facet normal 0 0 -1
    outer loop
      vertex 82.9335 99.0876 0
      vertex 145 101 0
      vertex 83.6603 98 0
    endloop
  endfacet
  facet normal 0 0 -1
    outer loop
      vertex 82.0711 100.071 0
      vertex 145 101 0
      vertex 82.9335 99.0876 0
    endloop
  endfacet
  facet normal 0 0 -1
    outer loop
      vertex 81.0876 100.934 0
      vertex 145 101 0
      vertex 82.0711 100.071 0
    endloop
  endfacet
  facet normal -0 0 -1
    outer loop
      vertex 145 101 0
      vertex 81.0876 100.934 0
      vertex 80.9881 101 0
    endloop
  endfacet
  facet normal 0 0 -1
    outer loop
      vertex 141.1 2.4 0
      vertex 142.1 3.4 0
      vertex 142.091 3.26947 0
    endloop
  endfacet
  facet normal 0 0 -1
    outer loop
      vertex 142.1 3.4 0
      vertex 82.0711 85.9289 0
      vertex 142.1 92.1 0
    endloop
  endfacet
  facet normal 0 0 -1
    outer loop
      vertex 141.1 2.4 0
      vertex 142.091 3.26947 0
      vertex 142.066 3.14118 0
    endloop
  endfacet
  facet normal 0 -0 -1
    outer loop
      vertex 82.9335 86.9124 0
      vertex 142.1 92.1 0
      vertex 82.0711 85.9289 0
    endloop
  endfacet
  facet normal 0 0 -1
    outer loop
      vertex 141.1 2.4 0
      vertex 142.066 3.14118 0
      vertex 142.024 3.01732 0
    endloop
  endfacet
  facet normal 0 -0 -1
    outer loop
      vertex 141.1 93.1 0
      vertex 142.1 92.1 0
      vertex 82.9335 86.9124 0
    endloop
  endfacet
  facet normal 0 0 -1
    outer loop
      vertex 141.1 2.4 0
      vertex 142.024 3.01732 0
      vertex 141.966 2.9 0
    endloop
  endfacet
  facet normal 0 0 -1
    outer loop
      vertex 142.1 92.1 0
      vertex 141.1 93.1 0
      vertex 142.091 92.2305 0
    endloop
  endfacet
  facet normal 0 0 -1
    outer loop
      vertex 141.1 2.4 0
      vertex 141.966 2.9 0
      vertex 141.893 2.79124 0
    endloop
  endfacet
  facet normal -0 0 -1
    outer loop
      vertex 142.1 3.4 0
      vertex 141.1 2.4 0
      vertex 80 84.3397 0
    endloop
  endfacet
  facet normal 0 0 -1
    outer loop
      vertex 141.1 2.4 0
      vertex 141.893 2.79124 0
      vertex 141.807 2.69289 0
    endloop
  endfacet
  facet normal 0 0 -1
    outer loop
      vertex 142.066 92.3588 0
      vertex 141.1 93.1 0
      vertex 142.024 92.4827 0
    endloop
  endfacet
  facet normal 0 0 -1
    outer loop
      vertex 141.1 2.4 0
      vertex 141.807 2.69289 0
      vertex 141.709 2.60665 0
    endloop
  endfacet
  facet normal 0 0 -1
    outer loop
      vertex 141.966 92.6 0
      vertex 141.1 93.1 0
      vertex 141.893 92.7088 0
    endloop
  endfacet
  facet normal 0 0 -1
    outer loop
      vertex 141.1 2.4 0
      vertex 141.709 2.60665 0
      vertex 141.6 2.53397 0
    endloop
  endfacet
  facet normal 0 0 -1
    outer loop
      vertex 141.893 92.7088 0
      vertex 141.1 93.1 0
      vertex 141.807 92.8071 0
    endloop
  endfacet
  facet normal 0 0 -1
    outer loop
      vertex 141.1 2.4 0
      vertex 141.6 2.53397 0
      vertex 141.483 2.47612 0
    endloop
  endfacet
  facet normal 0 0 -1
    outer loop
      vertex 141.807 92.8071 0
      vertex 141.1 93.1 0
      vertex 141.709 92.8934 0
    endloop
  endfacet
  facet normal 0 0 -1
    outer loop
      vertex 141.1 2.4 0
      vertex 141.483 2.47612 0
      vertex 141.359 2.43407 0
    endloop
  endfacet
  facet normal 0 0 -1
    outer loop
      vertex 141.709 92.8934 0
      vertex 141.1 93.1 0
      vertex 141.6 92.966 0
    endloop
  endfacet
  facet normal 0 0 -1
    outer loop
      vertex 141.1 2.4 0
      vertex 141.359 2.43407 0
      vertex 141.231 2.40855 0
    endloop
  endfacet
  facet normal 0 0 -1
    outer loop
      vertex 141.6 92.966 0
      vertex 141.1 93.1 0
      vertex 141.483 93.0239 0
    endloop
  endfacet
  facet normal 0 0 -1
    outer loop
      vertex 141.483 93.0239 0
      vertex 141.1 93.1 0
      vertex 141.359 93.0659 0
    endloop
  endfacet
  facet normal 0 0 -1
    outer loop
      vertex 141.359 93.0659 0
      vertex 141.1 93.1 0
      vertex 141.231 93.0914 0
    endloop
  endfacet
  facet normal 0 0 -1
    outer loop
      vertex 142.024 92.4827 0
      vertex 141.1 93.1 0
      vertex 141.966 92.6 0
    endloop
  endfacet
  facet normal 0 0 -1
    outer loop
      vertex 141.1 93.1 0
      vertex 84.9144 91.6947 0
      vertex 85 93 0
    endloop
  endfacet
  facet normal 0 0 -1
    outer loop
      vertex 141.1 93.1 0
      vertex 84.6593 90.4118 0
      vertex 84.9144 91.6947 0
    endloop
  endfacet
  facet normal 0 0 -1
    outer loop
      vertex 141.1 93.1 0
      vertex 84.2388 89.1732 0
      vertex 84.6593 90.4118 0
    endloop
  endfacet
  facet normal 0 0 -1
    outer loop
      vertex 141.1 93.1 0
      vertex 83.6603 88 0
      vertex 84.2388 89.1732 0
    endloop
  endfacet
  facet normal 0 0 -1
    outer loop
      vertex 141.1 93.1 0
      vertex 82.9335 86.9124 0
      vertex 83.6603 88 0
    endloop
  endfacet
  facet normal 0 0 -1
    outer loop
      vertex 142.091 92.2305 0
      vertex 141.1 93.1 0
      vertex 142.066 92.3588 0
    endloop
  endfacet
  facet normal 0 0 -1
    outer loop
      vertex 142.1 3.4 0
      vertex 81.0876 85.0665 0
      vertex 82.0711 85.9289 0
    endloop
  endfacet
  facet normal 0 0 -1
    outer loop
      vertex 142.1 3.4 0
      vertex 80 84.3397 0
      vertex 81.0876 85.0665 0
    endloop
  endfacet
  facet normal 0 0 -1
    outer loop
      vertex 141.1 2.4 0
      vertex 78.8268 83.7612 0
      vertex 80 84.3397 0
    endloop
  endfacet
  facet normal 0 0 -1
    outer loop
      vertex 141.1 2.4 0
      vertex 77.5882 83.3407 0
      vertex 78.8268 83.7612 0
    endloop
  endfacet
  facet normal 0 0 -1
    outer loop
      vertex 141.1 2.4 0
      vertex 76.3053 83.0855 0
      vertex 77.5882 83.3407 0
    endloop
  endfacet
  facet normal 0 0 -1
    outer loop
      vertex 141.1 2.4 0
      vertex 75 83 0
      vertex 76.3053 83.0855 0
    endloop
  endfacet
  facet normal 0 0 -1
    outer loop
      vertex 3.4 2.4 0
      vertex 75 83 0
      vertex 141.1 2.4 0
    endloop
  endfacet
  facet normal -0 0 -1
    outer loop
      vertex 75 83 0
      vertex 3.4 2.4 0
      vertex 73.6947 83.0855 0
    endloop
  endfacet
  facet normal -0 0 -1
    outer loop
      vertex 73.6947 83.0855 0
      vertex 3.4 2.4 0
      vertex 72.4118 83.3407 0
    endloop
  endfacet
  facet normal -0 0 -1
    outer loop
      vertex 72.4118 83.3407 0
      vertex 3.4 2.4 0
      vertex 71.1732 83.7612 0
    endloop
  endfacet
  facet normal -0 0 -1
    outer loop
      vertex 71.1732 83.7612 0
      vertex 3.4 2.4 0
      vertex 70 84.3397 0
    endloop
  endfacet
  facet normal -0 0 -1
    outer loop
      vertex 70 84.3397 0
      vertex 3.4 2.4 0
      vertex 68.9124 85.0665 0
    endloop
  endfacet
  facet normal 0 0 -1
    outer loop
      vertex 2.4 3.4 0
      vertex 68.9124 85.0665 0
      vertex 3.4 2.4 0
    endloop
  endfacet
  facet normal 0 0 -1
    outer loop
      vertex 66.3397 88 0
      vertex 3.4 93.1 0
      vertex 65.7612 89.1732 0
    endloop
  endfacet
  facet normal 0 0 -1
    outer loop
      vertex 67.0665 86.9124 0
      vertex 3.4 93.1 0
      vertex 66.3397 88 0
    endloop
  endfacet
  facet normal 0 -0 -1
    outer loop
      vertex 3.4 93.1 0
      vertex 67.0665 86.9124 0
      vertex 2.4 92.1 0
    endloop
  endfacet
  facet normal 0 0 -1
    outer loop
      vertex 67.9289 85.9289 0
      vertex 2.4 92.1 0
      vertex 67.0665 86.9124 0
    endloop
  endfacet
  facet normal 0 0 -1
    outer loop
      vertex 2.4 92.1 0
      vertex 67.9289 85.9289 0
      vertex 2.4 3.4 0
    endloop
  endfacet
  facet normal -0 0 -1
    outer loop
      vertex 68.9124 85.0665 0
      vertex 2.4 3.4 0
      vertex 67.9289 85.9289 0
    endloop
  endfacet
  facet normal -0 0 -1
    outer loop
      vertex 141.1 93.1 0
      vertex 85 93 0
      vertex 84.9934 93.1 0
    endloop
  endfacet
  facet normal 0 0 -1
    outer loop
      vertex 65.7612 89.1732 0
      vertex 3.4 93.1 0
      vertex 65.3407 90.4118 0
    endloop
  endfacet
  facet normal 0 0 -1
    outer loop
      vertex 65.3407 90.4118 0
      vertex 3.4 93.1 0
      vertex 65.0855 91.6947 0
    endloop
  endfacet
  facet normal 0 0 -1
    outer loop
      vertex 2.4 3.4 0
      vertex 3.4 2.4 0
      vertex 3.26947 2.40855 0
    endloop
  endfacet
  facet normal 0 0 -1
    outer loop
      vertex 65.0855 91.6947 0
      vertex 3.4 93.1 0
      vertex 65 93 0
    endloop
  endfacet
  facet normal 0 0 -1
    outer loop
      vertex 2.4 3.4 0
      vertex 3.26947 2.40855 0
      vertex 3.14118 2.43407 0
    endloop
  endfacet
  facet normal 0 0 -1
    outer loop
      vertex 65 93 0
      vertex 3.4 93.1 0
      vertex 65.0066 93.1 0
    endloop
  endfacet
  facet normal 0 0 -1
    outer loop
      vertex 2.4 3.4 0
      vertex 3.14118 2.43407 0
      vertex 3.01732 2.47612 0
    endloop
  endfacet
  facet normal 0 0 -1
    outer loop
      vertex 3.4 93.1 0
      vertex 2.4 92.1 0
      vertex 3.26947 93.0914 0
    endloop
  endfacet
  facet normal 0 0 -1
    outer loop
      vertex 2.4 3.4 0
      vertex 3.01732 2.47612 0
      vertex 2.9 2.53397 0
    endloop
  endfacet
  facet normal 0 0 -1
    outer loop
      vertex 3.26947 93.0914 0
      vertex 2.4 92.1 0
      vertex 3.14118 93.0659 0
    endloop
  endfacet
  facet normal 0 0 -1
    outer loop
      vertex 2.4 3.4 0
      vertex 2.9 2.53397 0
      vertex 2.79124 2.60665 0
    endloop
  endfacet
  facet normal 0 0 -1
    outer loop
      vertex 3.14118 93.0659 0
      vertex 2.4 92.1 0
      vertex 3.01732 93.0239 0
    endloop
  endfacet
  facet normal 0 0 -1
    outer loop
      vertex 2.4 3.4 0
      vertex 2.79124 2.60665 0
      vertex 2.69289 2.69289 0
    endloop
  endfacet
  facet normal 0 0 -1
    outer loop
      vertex 3.01732 93.0239 0
      vertex 2.4 92.1 0
      vertex 2.9 92.966 0
    endloop
  endfacet
  facet normal 0 0 -1
    outer loop
      vertex 2.4 3.4 0
      vertex 2.69289 2.69289 0
      vertex 2.60665 2.79124 0
    endloop
  endfacet
  facet normal 0 0 -1
    outer loop
      vertex 2.9 92.966 0
      vertex 2.4 92.1 0
      vertex 2.79124 92.8934 0
    endloop
  endfacet
  facet normal 0 0 -1
    outer loop
      vertex 2.4 3.4 0
      vertex 2.60665 2.79124 0
      vertex 2.53397 2.9 0
    endloop
  endfacet
  facet normal 0 0 -1
    outer loop
      vertex 2.79124 92.8934 0
      vertex 2.4 92.1 0
      vertex 2.69289 92.8071 0
    endloop
  endfacet
  facet normal 0 0 -1
    outer loop
      vertex 2.4 3.4 0
      vertex 2.53397 2.9 0
      vertex 2.47612 3.01732 0
    endloop
  endfacet
  facet normal 0 0 -1
    outer loop
      vertex 2.69289 92.8071 0
      vertex 2.4 92.1 0
      vertex 2.60665 92.7088 0
    endloop
  endfacet
  facet normal 0 0 -1
    outer loop
      vertex 2.4 3.4 0
      vertex 2.47612 3.01732 0
      vertex 2.43407 3.14118 0
    endloop
  endfacet
  facet normal 0 0 -1
    outer loop
      vertex 2.60665 92.7088 0
      vertex 2.4 92.1 0
      vertex 2.53397 92.6 0
    endloop
  endfacet
  facet normal 0 0 -1
    outer loop
      vertex 2.4 3.4 0
      vertex 2.43407 3.14118 0
      vertex 2.40855 3.26947 0
    endloop
  endfacet
  facet normal 0 0 -1
    outer loop
      vertex 2.53397 92.6 0
      vertex 2.4 92.1 0
      vertex 2.47612 92.4827 0
    endloop
  endfacet
  facet normal 0 0 -1
    outer loop
      vertex 2.47612 92.4827 0
      vertex 2.4 92.1 0
      vertex 2.43407 92.3588 0
    endloop
  endfacet
  facet normal 0 0 -1
    outer loop
      vertex 2.43407 92.3588 0
      vertex 2.4 92.1 0
      vertex 2.40855 92.2305 0
    endloop
  endfacet
  facet normal -0.997859 0.0653945 0
    outer loop
      vertex 0 92.9 -8
      vertex 0.0222425 93.2394 0
      vertex 0.0222425 93.2394 -8
    endloop
  endfacet
  facet normal -0.997859 0.0653945 0
    outer loop
      vertex 0.0222425 93.2394 0
      vertex 0 92.9 -8
      vertex 0 92.9 0
    endloop
  endfacet
  facet normal 0.997906 0.0646845 0
    outer loop
      vertex 144.5 92.9 0
      vertex 144.478 93.2394 -8
      vertex 144.478 93.2394 0
    endloop
  endfacet
  facet normal 0.997906 0.0646845 0
    outer loop
      vertex 144.478 93.2394 -8
      vertex 144.5 92.9 0
      vertex 144.5 92.9 -8
    endloop
  endfacet
  facet normal 0 -1 0
    outer loop
      vertex 141.9 0 0
      vertex 5 0 2.4
      vertex 5 0 0
    endloop
  endfacet
  facet normal 0 -1 0
    outer loop
      vertex 5 0 2.4
      vertex 141.9 0 0
      vertex 145 0 2.4
    endloop
  endfacet
  facet normal 0 -1 -0
    outer loop
      vertex 145 0 2.4
      vertex 141.9 0 0
      vertex 145 0 0
    endloop
  endfacet
  facet normal 0 -1 0
    outer loop
      vertex 2.6 0 -8
      vertex 5 0 0
      vertex 2.6 0 0
    endloop
  endfacet
  facet normal 0 -1 0
    outer loop
      vertex 141.9 0 -8
      vertex 5 0 0
      vertex 2.6 0 -8
    endloop
  endfacet
  facet normal 0 -1 0
    outer loop
      vertex 5 0 0
      vertex 141.9 0 -8
      vertex 141.9 0 0
    endloop
  endfacet
  facet normal 0.0654713 -0.997854 0
    outer loop
      vertex 141.9 0 -8
      vertex 142.239 0.0222425 0
      vertex 141.9 0 0
    endloop
  endfacet
  facet normal 0.0654713 -0.997854 0
    outer loop
      vertex 142.239 0.0222425 0
      vertex 141.9 0 -8
      vertex 142.239 0.0222425 -8
    endloop
  endfacet
  facet normal 0 1 0
    outer loop
      vertex 141.9 95.5 0
      vertex 84.6768 95.5 -0.0999994
      vertex 84.6768 95.5 0
    endloop
  endfacet
  facet normal 0 1 0
    outer loop
      vertex 84.6768 95.5 -0.0999994
      vertex 141.9 95.5 -8
      vertex 65.3232 95.5 -0.0999994
    endloop
  endfacet
  facet normal 0 1 -0
    outer loop
      vertex 141.9 95.5 -8
      vertex 84.6768 95.5 -0.0999994
      vertex 141.9 95.5 0
    endloop
  endfacet
  facet normal 0 1 -0
    outer loop
      vertex 65.3232 95.5 -0.0999994
      vertex 2.6 95.5 0
      vertex 65.3232 95.5 0
    endloop
  endfacet
  facet normal 0 1 0
    outer loop
      vertex 2.6 95.5 -8
      vertex 65.3232 95.5 -0.0999994
      vertex 141.9 95.5 -8
    endloop
  endfacet
  facet normal 0 1 0
    outer loop
      vertex 65.3232 95.5 -0.0999994
      vertex 2.6 95.5 -8
      vertex 2.6 95.5 0
    endloop
  endfacet
  facet normal -0.831487 0.555544 0
    outer loop
      vertex 0.348333 94.2 -8
      vertex 0.537281 94.4828 0
      vertex 0.537281 94.4828 -8
    endloop
  endfacet
  facet normal -0.831487 0.555544 0
    outer loop
      vertex 0.537281 94.4828 0
      vertex 0.348333 94.2 -8
      vertex 0.348333 94.2 0
    endloop
  endfacet
  facet normal 1 -0 0
    outer loop
      vertex 144.5 2.6 0
      vertex 144.5 92.9 -8
      vertex 144.5 92.9 0
    endloop
  endfacet
  facet normal 1 0 0
    outer loop
      vertex 144.5 92.9 -8
      vertex 144.5 2.6 0
      vertex 144.5 2.6 -8
    endloop
  endfacet
  facet normal 0.555272 -0.831669 0
    outer loop
      vertex 143.2 0.348333 -8
      vertex 143.483 0.537281 0
      vertex 143.2 0.348333 0
    endloop
  endfacet
  facet normal 0.555272 -0.831669 0
    outer loop
      vertex 143.483 0.537281 0
      vertex 143.2 0.348333 -8
      vertex 143.483 0.537281 -8
    endloop
  endfacet
  facet normal -0.946931 -0.321438 0
    outer loop
      vertex 0.197913 1.60502 -8
      vertex 0.0885925 1.92707 0
      vertex 0.0885925 1.92707 -8
    endloop
  endfacet
  facet normal -0.946931 -0.321438 0
    outer loop
      vertex 0.0885925 1.92707 0
      vertex 0.197913 1.60502 -8
      vertex 0.197913 1.60502 0
    endloop
  endfacet
  facet normal -0.659277 0.7519 0
    outer loop
      vertex 1.01722 94.9627 -8
      vertex 0.761522 94.7385 0
      vertex 1.01722 94.9627 0
    endloop
  endfacet
  facet normal -0.659277 0.7519 0
    outer loop
      vertex 0.761522 94.7385 0
      vertex 1.01722 94.9627 -8
      vertex 0.761522 94.7385 -8
    endloop
  endfacet
  facet normal -0.946946 0.321393 0
    outer loop
      vertex 0.0885925 93.5729 -8
      vertex 0.197913 93.895 0
      vertex 0.197913 93.895 -8
    endloop
  endfacet
  facet normal -0.946946 0.321393 0
    outer loop
      vertex 0.197913 93.895 0
      vertex 0.0885925 93.5729 -8
      vertex 0.0885925 93.5729 0
    endloop
  endfacet
  facet normal -0.751843 0.659343 0
    outer loop
      vertex 0.537281 94.4828 -8
      vertex 0.761522 94.7385 0
      vertex 0.761522 94.7385 -8
    endloop
  endfacet
  facet normal -0.751843 0.659343 0
    outer loop
      vertex 0.761522 94.7385 0
      vertex 0.537281 94.4828 -8
      vertex 0.537281 94.4828 0
    endloop
  endfacet
  facet normal -0.89686 0.442314 0
    outer loop
      vertex 0.197913 93.895 -8
      vertex 0.348333 94.2 0
      vertex 0.348333 94.2 -8
    endloop
  endfacet
  facet normal -0.89686 0.442314 0
    outer loop
      vertex 0.348333 94.2 0
      vertex 0.197913 93.895 -8
      vertex 0.197913 93.895 0
    endloop
  endfacet
  facet normal -0.980778 0.195126 0
    outer loop
      vertex 0.0222425 93.2394 -8
      vertex 0.0885925 93.5729 0
      vertex 0.0885925 93.5729 -8
    endloop
  endfacet
  facet normal -0.980778 0.195126 0
    outer loop
      vertex 0.0885925 93.5729 0
      vertex 0.0222425 93.2394 -8
      vertex 0.0222425 93.2394 0
    endloop
  endfacet
  facet normal 0.750734 -0.660604 0
    outer loop
      vertex 143.738 0.761522 0
      vertex 143.963 1.01722 -8
      vertex 143.963 1.01722 0
    endloop
  endfacet
  facet normal 0.750734 -0.660604 0
    outer loop
      vertex 143.963 1.01722 -8
      vertex 143.738 0.761522 0
      vertex 143.738 0.761522 -8
    endloop
  endfacet
  facet normal 0.321482 -0.946916 0
    outer loop
      vertex 142.573 0.0885925 -8
      vertex 142.895 0.197913 0
      vertex 142.573 0.0885925 0
    endloop
  endfacet
  facet normal 0.321482 -0.946916 0
    outer loop
      vertex 142.895 0.197913 0
      vertex 142.573 0.0885925 -8
      vertex 142.895 0.197913 -8
    endloop
  endfacet
  facet normal 0.194845 -0.980834 0
    outer loop
      vertex 142.239 0.0222425 -8
      vertex 142.573 0.0885925 0
      vertex 142.239 0.0222425 0
    endloop
  endfacet
  facet normal 0.194845 -0.980834 0
    outer loop
      vertex 142.573 0.0885925 0
      vertex 142.239 0.0222425 -8
      vertex 142.573 0.0885925 -8
    endloop
  endfacet
  facet normal 0.442314 -0.89686 0
    outer loop
      vertex 142.895 0.197913 -8
      vertex 143.2 0.348333 0
      vertex 142.895 0.197913 0
    endloop
  endfacet
  facet normal 0.442314 -0.89686 0
    outer loop
      vertex 143.2 0.348333 0
      vertex 142.895 0.197913 -8
      vertex 143.2 0.348333 -8
    endloop
  endfacet
  facet normal -0.442243 0.896895 0
    outer loop
      vertex 1.60502 95.3021 -8
      vertex 1.3 95.1517 0
      vertex 1.60502 95.3021 0
    endloop
  endfacet
  facet normal -0.442243 0.896895 0
    outer loop
      vertex 1.3 95.1517 0
      vertex 1.60502 95.3021 -8
      vertex 1.3 95.1517 -8
    endloop
  endfacet
  facet normal 0.0653468 0.997863 -0
    outer loop
      vertex 142.239 95.4778 -8
      vertex 141.9 95.5 0
      vertex 142.239 95.4778 0
    endloop
  endfacet
  facet normal 0.0653468 0.997863 0
    outer loop
      vertex 141.9 95.5 0
      vertex 142.239 95.4778 -8
      vertex 141.9 95.5 -8
    endloop
  endfacet
  facet normal 0.194987 0.980806 -0
    outer loop
      vertex 142.573 95.4114 -8
      vertex 142.239 95.4778 0
      vertex 142.573 95.4114 0
    endloop
  endfacet
  facet normal 0.194987 0.980806 0
    outer loop
      vertex 142.239 95.4778 0
      vertex 142.573 95.4114 -8
      vertex 142.239 95.4778 -8
    endloop
  endfacet
  facet normal 0.660296 0.751006 -0
    outer loop
      vertex 143.738 94.7385 -8
      vertex 143.483 94.9627 0
      vertex 143.738 94.7385 0
    endloop
  endfacet
  facet normal 0.660296 0.751006 0
    outer loop
      vertex 143.483 94.9627 0
      vertex 143.738 94.7385 -8
      vertex 143.483 94.9627 -8
    endloop
  endfacet
  facet normal -0.195093 -0.980785 0
    outer loop
      vertex 1.92707 0.0885925 -8
      vertex 2.26063 0.0222425 0
      vertex 1.92707 0.0885925 0
    endloop
  endfacet
  facet normal -0.195093 -0.980785 -0
    outer loop
      vertex 2.26063 0.0222425 0
      vertex 1.92707 0.0885925 -8
      vertex 2.26063 0.0222425 -8
    endloop
  endfacet
  facet normal -0.0654002 -0.997859 0
    outer loop
      vertex 2.26063 0.0222425 -8
      vertex 2.6 0 0
      vertex 2.26063 0.0222425 0
    endloop
  endfacet
  facet normal -0.0654002 -0.997859 -0
    outer loop
      vertex 2.6 0 0
      vertex 2.26063 0.0222425 -8
      vertex 2.6 0 -8
    endloop
  endfacet
  facet normal -0.831469 -0.555571 0
    outer loop
      vertex 0.537281 1.01722 -8
      vertex 0.348333 1.3 0
      vertex 0.348333 1.3 -8
    endloop
  endfacet
  facet normal -0.831469 -0.555571 0
    outer loop
      vertex 0.348333 1.3 0
      vertex 0.537281 1.01722 -8
      vertex 0.537281 1.01722 0
    endloop
  endfacet
  facet normal -0.980785 -0.195093 0
    outer loop
      vertex 0.0885925 1.92707 -8
      vertex 0.0222425 2.26063 0
      vertex 0.0222425 2.26063 -8
    endloop
  endfacet
  facet normal -0.980785 -0.195093 0
    outer loop
      vertex 0.0222425 2.26063 0
      vertex 0.0885925 1.92707 -8
      vertex 0.0885925 1.92707 0
    endloop
  endfacet
  facet normal 0.442267 0.896884 -0
    outer loop
      vertex 143.2 95.1517 -8
      vertex 142.895 95.3021 0
      vertex 143.2 95.1517 0
    endloop
  endfacet
  facet normal 0.442267 0.896884 0
    outer loop
      vertex 142.895 95.3021 0
      vertex 143.2 95.1517 -8
      vertex 142.895 95.3021 -8
    endloop
  endfacet
  facet normal 0.321428 0.946934 -0
    outer loop
      vertex 142.895 95.3021 -8
      vertex 142.573 95.4114 0
      vertex 142.895 95.3021 0
    endloop
  endfacet
  facet normal 0.321428 0.946934 0
    outer loop
      vertex 142.573 95.4114 0
      vertex 142.895 95.3021 -8
      vertex 142.573 95.4114 -8
    endloop
  endfacet
  facet normal -0.195234 0.980757 0
    outer loop
      vertex 2.26063 95.4778 -8
      vertex 1.92707 95.4114 0
      vertex 2.26063 95.4778 0
    endloop
  endfacet
  facet normal -0.195234 0.980757 0
    outer loop
      vertex 1.92707 95.4114 0
      vertex 2.26063 95.4778 -8
      vertex 1.92707 95.4114 -8
    endloop
  endfacet
  facet normal -0.0652758 0.997867 0
    outer loop
      vertex 2.6 95.5 -8
      vertex 2.26063 95.4778 0
      vertex 2.6 95.5 0
    endloop
  endfacet
  facet normal -0.0652758 0.997867 0
    outer loop
      vertex 2.26063 95.4778 0
      vertex 2.6 95.5 -8
      vertex 2.26063 95.4778 -8
    endloop
  endfacet
  facet normal -0.321383 0.946949 0
    outer loop
      vertex 1.92707 95.4114 -8
      vertex 1.60502 95.3021 0
      vertex 1.92707 95.4114 0
    endloop
  endfacet
  facet normal -0.321383 0.946949 0
    outer loop
      vertex 1.60502 95.3021 0
      vertex 1.92707 95.4114 -8
      vertex 1.60502 95.3021 -8
    endloop
  endfacet
  facet normal 0.980411 0.196964 0
    outer loop
      vertex 144.478 93.2394 0
      vertex 144.411 93.5729 -8
      vertex 144.411 93.5729 0
    endloop
  endfacet
  facet normal 0.980411 0.196964 0
    outer loop
      vertex 144.411 93.5729 -8
      vertex 144.478 93.2394 0
      vertex 144.478 93.2394 -8
    endloop
  endfacet
  facet normal 0.89735 0.44132 0
    outer loop
      vertex 144.302 93.895 0
      vertex 144.152 94.2 -8
      vertex 144.152 94.2 0
    endloop
  endfacet
  facet normal 0.89735 0.44132 0
    outer loop
      vertex 144.152 94.2 -8
      vertex 144.302 93.895 0
      vertex 144.302 93.895 -8
    endloop
  endfacet
  facet normal 0.660364 -0.750946 0
    outer loop
      vertex 143.483 0.537281 -8
      vertex 143.738 0.761522 0
      vertex 143.483 0.537281 0
    endloop
  endfacet
  facet normal 0.660364 -0.750946 0
    outer loop
      vertex 143.738 0.761522 0
      vertex 143.483 0.537281 -8
      vertex 143.738 0.761522 -8
    endloop
  endfacet
  facet normal 0.897361 -0.441296 0
    outer loop
      vertex 144.152 1.3 0
      vertex 144.302 1.60502 -8
      vertex 144.302 1.60502 0
    endloop
  endfacet
  facet normal 0.897361 -0.441296 0
    outer loop
      vertex 144.302 1.60502 -8
      vertex 144.152 1.3 0
      vertex 144.152 1.3 -8
    endloop
  endfacet
  facet normal 0.980418 -0.19693 0
    outer loop
      vertex 144.411 1.92707 0
      vertex 144.478 2.26063 -8
      vertex 144.478 2.26063 0
    endloop
  endfacet
  facet normal 0.980418 -0.19693 0
    outer loop
      vertex 144.478 2.26063 -8
      vertex 144.411 1.92707 0
      vertex 144.411 1.92707 -8
    endloop
  endfacet
  facet normal 0.947217 -0.320592 0
    outer loop
      vertex 144.302 1.60502 0
      vertex 144.411 1.92707 -8
      vertex 144.411 1.92707 0
    endloop
  endfacet
  facet normal 0.947217 -0.320592 0
    outer loop
      vertex 144.411 1.92707 -8
      vertex 144.302 1.60502 0
      vertex 144.302 1.60502 -8
    endloop
  endfacet
  facet normal 0.831398 -0.555677 0
    outer loop
      vertex 143.963 1.01722 0
      vertex 144.152 1.3 -8
      vertex 144.152 1.3 0
    endloop
  endfacet
  facet normal 0.831398 -0.555677 0
    outer loop
      vertex 144.152 1.3 -8
      vertex 143.963 1.01722 0
      vertex 143.963 1.01722 -8
    endloop
  endfacet
  facet normal -0.321438 -0.946931 0
    outer loop
      vertex 1.60502 0.197913 -8
      vertex 1.92707 0.0885925 0
      vertex 1.60502 0.197913 0
    endloop
  endfacet
  facet normal -0.321438 -0.946931 -0
    outer loop
      vertex 1.92707 0.0885925 0
      vertex 1.60502 0.197913 -8
      vertex 1.92707 0.0885925 -8
    endloop
  endfacet
  facet normal -0.659346 -0.75184 0
    outer loop
      vertex 0.761522 0.761522 -8
      vertex 1.01722 0.537281 0
      vertex 0.761522 0.761522 0
    endloop
  endfacet
  facet normal -0.659346 -0.75184 -0
    outer loop
      vertex 1.01722 0.537281 0
      vertex 0.761522 0.761522 -8
      vertex 1.01722 0.537281 -8
    endloop
  endfacet
  facet normal -0.75184 -0.659346 0
    outer loop
      vertex 0.761522 0.761522 -8
      vertex 0.537281 1.01722 0
      vertex 0.537281 1.01722 -8
    endloop
  endfacet
  facet normal -0.75184 -0.659346 0
    outer loop
      vertex 0.537281 1.01722 0
      vertex 0.761522 0.761522 -8
      vertex 0.761522 0.761522 0
    endloop
  endfacet
  facet normal -0.896872 -0.442291 0
    outer loop
      vertex 0.348333 1.3 -8
      vertex 0.197913 1.60502 0
      vertex 0.197913 1.60502 -8
    endloop
  endfacet
  facet normal -0.896872 -0.442291 0
    outer loop
      vertex 0.197913 1.60502 0
      vertex 0.348333 1.3 -8
      vertex 0.348333 1.3 0
    endloop
  endfacet
  facet normal 0.831417 0.55565 0
    outer loop
      vertex 144.152 94.2 0
      vertex 143.963 94.4828 -8
      vertex 143.963 94.4828 0
    endloop
  endfacet
  facet normal 0.831417 0.55565 0
    outer loop
      vertex 143.963 94.4828 -8
      vertex 144.152 94.2 0
      vertex 144.152 94.2 -8
    endloop
  endfacet
  facet normal 0.947232 0.320547 0
    outer loop
      vertex 144.411 93.5729 0
      vertex 144.302 93.895 -8
      vertex 144.302 93.895 0
    endloop
  endfacet
  facet normal 0.947232 0.320547 0
    outer loop
      vertex 144.302 93.895 -8
      vertex 144.411 93.5729 0
      vertex 144.411 93.5729 -8
    endloop
  endfacet
  facet normal 0.997905 -0.0646902 0
    outer loop
      vertex 144.478 2.26063 0
      vertex 144.5 2.6 -8
      vertex 144.5 2.6 0
    endloop
  endfacet
  facet normal 0.997905 -0.0646902 0
    outer loop
      vertex 144.5 2.6 -8
      vertex 144.478 2.26063 0
      vertex 144.478 2.26063 -8
    endloop
  endfacet
  facet normal -0.555571 -0.831469 0
    outer loop
      vertex 1.01722 0.537281 -8
      vertex 1.3 0.348333 0
      vertex 1.01722 0.537281 0
    endloop
  endfacet
  facet normal -0.555571 -0.831469 -0
    outer loop
      vertex 1.3 0.348333 0
      vertex 1.01722 0.537281 -8
      vertex 1.3 0.348333 -8
    endloop
  endfacet
  facet normal -0.442291 -0.896872 0
    outer loop
      vertex 1.3 0.348333 -8
      vertex 1.60502 0.197913 0
      vertex 1.3 0.348333 0
    endloop
  endfacet
  facet normal -0.442291 -0.896872 -0
    outer loop
      vertex 1.60502 0.197913 0
      vertex 1.3 0.348333 -8
      vertex 1.60502 0.197913 -8
    endloop
  endfacet
  facet normal 0.750737 0.660601 0
    outer loop
      vertex 143.963 94.4828 0
      vertex 143.738 94.7385 -8
      vertex 143.738 94.7385 0
    endloop
  endfacet
  facet normal 0.750737 0.660601 0
    outer loop
      vertex 143.738 94.7385 -8
      vertex 143.963 94.4828 0
      vertex 143.963 94.4828 -8
    endloop
  endfacet
  facet normal 0.997862 0.0653621 0
    outer loop
      vertex 2.40855 3.26947 0
      vertex 2.4 3.4 -8
      vertex 2.4 3.4 0
    endloop
  endfacet
  facet normal 0.997862 0.0653621 0
    outer loop
      vertex 2.4 3.4 -8
      vertex 2.40855 3.26947 0
      vertex 2.40855 3.26947 -8
    endloop
  endfacet
  facet normal 0.0653621 0.997862 -0
    outer loop
      vertex 3.4 2.4 -8
      vertex 3.26947 2.40855 0
      vertex 3.4 2.4 0
    endloop
  endfacet
  facet normal 0.0653621 0.997862 0
    outer loop
      vertex 3.26947 2.40855 0
      vertex 3.4 2.4 -8
      vertex 3.26947 2.40855 -8
    endloop
  endfacet
  facet normal -0.99763 -0.0688021 0
    outer loop
      vertex 142.1 92.1 -8
      vertex 142.091 92.2305 0
      vertex 142.091 92.2305 -8
    endloop
  endfacet
  facet normal -0.99763 -0.0688021 0
    outer loop
      vertex 142.091 92.2305 0
      vertex 142.1 92.1 -8
      vertex 142.1 92.1 0
    endloop
  endfacet
  facet normal 0.555194 -0.831721 0
    outer loop
      vertex 2.79124 92.8934 -8
      vertex 2.9 92.966 0
      vertex 2.79124 92.8934 0
    endloop
  endfacet
  facet normal 0.555194 -0.831721 0
    outer loop
      vertex 2.9 92.966 0
      vertex 2.79124 92.8934 -8
      vertex 2.9 92.966 -8
    endloop
  endfacet
  facet normal 0.6593 0.75188 -0
    outer loop
      vertex 2.79124 2.60665 -8
      vertex 2.69289 2.69289 0
      vertex 2.79124 2.60665 0
    endloop
  endfacet
  facet normal 0.6593 0.75188 0
    outer loop
      vertex 2.69289 2.69289 0
      vertex 2.79124 2.60665 -8
      vertex 2.69289 2.69289 -8
    endloop
  endfacet
  facet normal 0.195102 0.980783 -0
    outer loop
      vertex 3.26947 2.40855 -8
      vertex 3.14118 2.43407 0
      vertex 3.26947 2.40855 0
    endloop
  endfacet
  facet normal 0.195102 0.980783 0
    outer loop
      vertex 3.14118 2.43407 0
      vertex 3.26947 2.40855 -8
      vertex 3.14118 2.43407 -8
    endloop
  endfacet
  facet normal -0.997631 0.0687864 0
    outer loop
      vertex 142.091 3.26947 -8
      vertex 142.1 3.4 0
      vertex 142.1 3.4 -8
    endloop
  endfacet
  facet normal -0.997631 0.0687864 0
    outer loop
      vertex 142.1 3.4 0
      vertex 142.091 3.26947 -8
      vertex 142.091 3.26947 0
    endloop
  endfacet
  facet normal -1 0 0
    outer loop
      vertex 142.1 3.4 -8
      vertex 142.1 92.1 0
      vertex 142.1 92.1 -8
    endloop
  endfacet
  facet normal -1 -0 0
    outer loop
      vertex 142.1 92.1 0
      vertex 142.1 3.4 -8
      vertex 142.1 3.4 0
    endloop
  endfacet
  facet normal -0.830308 0.557305 0
    outer loop
      vertex 141.893 2.79124 -8
      vertex 141.966 2.9 0
      vertex 141.966 2.9 -8
    endloop
  endfacet
  facet normal -0.830308 0.557305 0
    outer loop
      vertex 141.966 2.9 0
      vertex 141.893 2.79124 -8
      vertex 141.893 2.79124 0
    endloop
  endfacet
  facet normal 1 -0 0
    outer loop
      vertex 2.4 3.4 0
      vertex 2.4 92.1 -8
      vertex 2.4 92.1 0
    endloop
  endfacet
  facet normal 1 0 0
    outer loop
      vertex 2.4 92.1 -8
      vertex 2.4 3.4 0
      vertex 2.4 3.4 -8
    endloop
  endfacet
  facet normal 0.997861 -0.0653771 0
    outer loop
      vertex 2.4 92.1 0
      vertex 2.40855 92.2305 -8
      vertex 2.40855 92.2305 0
    endloop
  endfacet
  facet normal 0.997861 -0.0653771 0
    outer loop
      vertex 2.40855 92.2305 -8
      vertex 2.4 92.1 0
      vertex 2.4 92.1 -8
    endloop
  endfacet
  facet normal 0 1 -0
    outer loop
      vertex 141.1 2.4 -8
      vertex 3.4 2.4 0
      vertex 141.1 2.4 0
    endloop
  endfacet
  facet normal 0 1 0
    outer loop
      vertex 3.4 2.4 0
      vertex 141.1 2.4 -8
      vertex 3.4 2.4 -8
    endloop
  endfacet
  facet normal 0 -1 0
    outer loop
      vertex 3.4 93.1 0
      vertex 65.0066 93.1 -0.0999994
      vertex 65.0066 93.1 0
    endloop
  endfacet
  facet normal 0 -1 0
    outer loop
      vertex 141.1 93.1 -8
      vertex 65.0066 93.1 -0.0999994
      vertex 3.4 93.1 -8
    endloop
  endfacet
  facet normal 0 -1 0
    outer loop
      vertex 3.4 93.1 -8
      vertex 65.0066 93.1 -0.0999994
      vertex 3.4 93.1 0
    endloop
  endfacet
  facet normal 0 -1 0
    outer loop
      vertex 84.9934 93.1 -0.0999994
      vertex 141.1 93.1 0
      vertex 84.9934 93.1 0
    endloop
  endfacet
  facet normal 0 -1 0
    outer loop
      vertex 65.0066 93.1 -0.0999994
      vertex 141.1 93.1 -8
      vertex 84.9934 93.1 -0.0999994
    endloop
  endfacet
  facet normal 0 -1 0
    outer loop
      vertex 84.9934 93.1 -0.0999994
      vertex 141.1 93.1 -8
      vertex 141.1 93.1 0
    endloop
  endfacet
  facet normal -0.947066 -0.321039 0
    outer loop
      vertex 142.066 92.3588 -8
      vertex 142.024 92.4827 0
      vertex 142.024 92.4827 -8
    endloop
  endfacet
  facet normal -0.947066 -0.321039 0
    outer loop
      vertex 142.024 92.4827 0
      vertex 142.066 92.3588 -8
      vertex 142.066 92.3588 0
    endloop
  endfacet
  facet normal -0.443225 0.89641 0
    outer loop
      vertex 141.6 2.53397 -8
      vertex 141.483 2.47612 0
      vertex 141.6 2.53397 0
    endloop
  endfacet
  facet normal -0.443225 0.89641 0
    outer loop
      vertex 141.483 2.47612 0
      vertex 141.6 2.53397 -8
      vertex 141.483 2.47612 -8
    endloop
  endfacet
  facet normal 0.831533 -0.555476 0
    outer loop
      vertex 2.53397 92.6 0
      vertex 2.60665 92.7088 -8
      vertex 2.60665 92.7088 0
    endloop
  endfacet
  facet normal 0.831533 -0.555476 0
    outer loop
      vertex 2.60665 92.7088 -8
      vertex 2.53397 92.6 0
      vertex 2.53397 92.6 -8
    endloop
  endfacet
  facet normal 0.442253 0.89689 -0
    outer loop
      vertex 3.01732 2.47612 -8
      vertex 2.9 2.53397 0
      vertex 3.01732 2.47612 0
    endloop
  endfacet
  facet normal 0.442253 0.89689 0
    outer loop
      vertex 2.9 2.53397 0
      vertex 3.01732 2.47612 -8
      vertex 2.9 2.53397 -8
    endloop
  endfacet
  facet normal 0.321475 0.946918 -0
    outer loop
      vertex 3.14118 2.43407 -8
      vertex 3.01732 2.47612 0
      vertex 3.14118 2.43407 0
    endloop
  endfacet
  facet normal 0.321475 0.946918 0
    outer loop
      vertex 3.01732 2.47612 0
      vertex 3.14118 2.43407 -8
      vertex 3.01732 2.47612 -8
    endloop
  endfacet
  facet normal 0.75188 0.6593 0
    outer loop
      vertex 2.69289 2.69289 0
      vertex 2.60665 2.79124 -8
      vertex 2.60665 2.79124 0
    endloop
  endfacet
  facet normal 0.75188 0.6593 0
    outer loop
      vertex 2.60665 2.79124 -8
      vertex 2.69289 2.69289 0
      vertex 2.69289 2.69289 -8
    endloop
  endfacet
  facet normal 0.980783 0.195102 0
    outer loop
      vertex 2.43407 3.14118 0
      vertex 2.40855 3.26947 -8
      vertex 2.40855 3.26947 0
    endloop
  endfacet
  facet normal 0.980783 0.195102 0
    outer loop
      vertex 2.40855 3.26947 -8
      vertex 2.43407 3.14118 0
      vertex 2.43407 3.14118 -8
    endloop
  endfacet
  facet normal 0.44256 -0.896739 0
    outer loop
      vertex 2.9 92.966 -8
      vertex 3.01732 93.0239 0
      vertex 2.9 92.966 0
    endloop
  endfacet
  facet normal 0.44256 -0.896739 0
    outer loop
      vertex 3.01732 93.0239 0
      vertex 2.9 92.966 -8
      vertex 3.01732 93.0239 -8
    endloop
  endfacet
  facet normal -0.0655078 -0.997852 0
    outer loop
      vertex 141.1 93.1 -8
      vertex 141.231 93.0914 0
      vertex 141.1 93.1 0
    endloop
  endfacet
  facet normal -0.0655078 -0.997852 -0
    outer loop
      vertex 141.231 93.0914 0
      vertex 141.1 93.1 -8
      vertex 141.231 93.0914 -8
    endloop
  endfacet
  facet normal -0.32115 0.947028 0
    outer loop
      vertex 141.483 2.47612 -8
      vertex 141.359 2.43407 0
      vertex 141.483 2.47612 0
    endloop
  endfacet
  facet normal -0.32115 0.947028 0
    outer loop
      vertex 141.359 2.43407 0
      vertex 141.483 2.47612 -8
      vertex 141.359 2.43407 -8
    endloop
  endfacet
  facet normal -0.896435 0.443175 0
    outer loop
      vertex 141.966 2.9 -8
      vertex 142.024 3.01732 0
      vertex 142.024 3.01732 -8
    endloop
  endfacet
  facet normal -0.896435 0.443175 0
    outer loop
      vertex 142.024 3.01732 0
      vertex 141.966 2.9 -8
      vertex 141.966 2.9 0
    endloop
  endfacet
  facet normal -0.981537 0.191273 0
    outer loop
      vertex 142.066 3.14118 -8
      vertex 142.091 3.26947 0
      vertex 142.091 3.26947 -8
    endloop
  endfacet
  facet normal -0.981537 0.191273 0
    outer loop
      vertex 142.091 3.26947 0
      vertex 142.066 3.14118 -8
      vertex 142.066 3.14118 0
    endloop
  endfacet
  facet normal -0.75279 0.658261 0
    outer loop
      vertex 141.807 2.69289 -8
      vertex 141.893 2.79124 0
      vertex 141.893 2.79124 -8
    endloop
  endfacet
  facet normal -0.75279 0.658261 0
    outer loop
      vertex 141.893 2.79124 0
      vertex 141.807 2.69289 -8
      vertex 141.807 2.69289 0
    endloop
  endfacet
  facet normal -0.554771 0.832003 0
    outer loop
      vertex 141.709 2.60665 -8
      vertex 141.6 2.53397 0
      vertex 141.709 2.60665 0
    endloop
  endfacet
  facet normal -0.554771 0.832003 0
    outer loop
      vertex 141.6 2.53397 0
      vertex 141.709 2.60665 -8
      vertex 141.6 2.53397 -8
    endloop
  endfacet
  facet normal 0.659559 -0.751653 0
    outer loop
      vertex 2.69289 92.8071 -8
      vertex 2.79124 92.8934 0
      vertex 2.69289 92.8071 0
    endloop
  endfacet
  facet normal 0.659559 -0.751653 0
    outer loop
      vertex 2.79124 92.8934 0
      vertex 2.69289 92.8071 -8
      vertex 2.79124 92.8934 -8
    endloop
  endfacet
  facet normal 0.94695 -0.321382 0
    outer loop
      vertex 2.43407 92.3588 0
      vertex 2.47612 92.4827 -8
      vertex 2.47612 92.4827 0
    endloop
  endfacet
  facet normal 0.94695 -0.321382 0
    outer loop
      vertex 2.47612 92.4827 -8
      vertex 2.43407 92.3588 0
      vertex 2.43407 92.3588 -8
    endloop
  endfacet
  facet normal 0.751714 -0.659489 0
    outer loop
      vertex 2.60665 92.7088 0
      vertex 2.69289 92.8071 -8
      vertex 2.69289 92.8071 0
    endloop
  endfacet
  facet normal 0.751714 -0.659489 0
    outer loop
      vertex 2.69289 92.8071 -8
      vertex 2.60665 92.7088 0
      vertex 2.60665 92.7088 -8
    endloop
  endfacet
  facet normal 0.89686 -0.442314 0
    outer loop
      vertex 2.47612 92.4827 0
      vertex 2.53397 92.6 -8
      vertex 2.53397 92.6 0
    endloop
  endfacet
  facet normal 0.89686 -0.442314 0
    outer loop
      vertex 2.53397 92.6 -8
      vertex 2.47612 92.4827 0
      vertex 2.47612 92.4827 -8
    endloop
  endfacet
  facet normal 0.980786 -0.195087 0
    outer loop
      vertex 2.40855 92.2305 0
      vertex 2.43407 92.3588 -8
      vertex 2.43407 92.3588 0
    endloop
  endfacet
  facet normal 0.980786 -0.195087 0
    outer loop
      vertex 2.43407 92.3588 -8
      vertex 2.40855 92.2305 0
      vertex 2.40855 92.2305 -8
    endloop
  endfacet
  facet normal 0.555617 0.831438 -0
    outer loop
      vertex 2.9 2.53397 -8
      vertex 2.79124 2.60665 0
      vertex 2.9 2.53397 0
    endloop
  endfacet
  facet normal 0.555617 0.831438 0
    outer loop
      vertex 2.79124 2.60665 0
      vertex 2.9 2.53397 -8
      vertex 2.79124 2.60665 -8
    endloop
  endfacet
  facet normal 0.89689 0.442253 0
    outer loop
      vertex 2.53397 2.9 0
      vertex 2.47612 3.01732 -8
      vertex 2.47612 3.01732 0
    endloop
  endfacet
  facet normal 0.89689 0.442253 0
    outer loop
      vertex 2.47612 3.01732 -8
      vertex 2.53397 2.9 0
      vertex 2.53397 2.9 -8
    endloop
  endfacet
  facet normal 0.946918 0.321475 0
    outer loop
      vertex 2.47612 3.01732 0
      vertex 2.43407 3.14118 -8
      vertex 2.43407 3.14118 0
    endloop
  endfacet
  facet normal 0.946918 0.321475 0
    outer loop
      vertex 2.43407 3.14118 -8
      vertex 2.47612 3.01732 0
      vertex 2.47612 3.01732 -8
    endloop
  endfacet
  facet normal 0.194955 -0.980812 0
    outer loop
      vertex 3.14118 93.0659 -8
      vertex 3.26947 93.0914 0
      vertex 3.14118 93.0659 0
    endloop
  endfacet
  facet normal 0.194955 -0.980812 0
    outer loop
      vertex 3.26947 93.0914 0
      vertex 3.14118 93.0659 -8
      vertex 3.26947 93.0914 -8
    endloop
  endfacet
  facet normal 0.0657427 -0.997837 0
    outer loop
      vertex 3.26947 93.0914 -8
      vertex 3.4 93.1 0
      vertex 3.26947 93.0914 0
    endloop
  endfacet
  facet normal 0.0657427 -0.997837 0
    outer loop
      vertex 3.4 93.1 0
      vertex 3.26947 93.0914 -8
      vertex 3.4 93.1 -8
    endloop
  endfacet
  facet normal 0.321132 -0.947034 0
    outer loop
      vertex 3.01732 93.0239 -8
      vertex 3.14118 93.0659 0
      vertex 3.01732 93.0239 0
    endloop
  endfacet
  facet normal 0.321132 -0.947034 0
    outer loop
      vertex 3.14118 93.0659 0
      vertex 3.01732 93.0239 -8
      vertex 3.14118 93.0659 -8
    endloop
  endfacet
  facet normal -0.443533 -0.896258 0
    outer loop
      vertex 141.483 93.0239 -8
      vertex 141.6 92.966 0
      vertex 141.483 93.0239 0
    endloop
  endfacet
  facet normal -0.443533 -0.896258 -0
    outer loop
      vertex 141.6 92.966 0
      vertex 141.483 93.0239 -8
      vertex 141.6 92.966 -8
    endloop
  endfacet
  facet normal -0.98154 -0.191259 0
    outer loop
      vertex 142.091 92.2305 -8
      vertex 142.066 92.3588 0
      vertex 142.066 92.3588 -8
    endloop
  endfacet
  facet normal -0.98154 -0.191259 0
    outer loop
      vertex 142.066 92.3588 0
      vertex 142.091 92.2305 -8
      vertex 142.091 92.2305 0
    endloop
  endfacet
  facet normal -0.896405 -0.443235 0
    outer loop
      vertex 142.024 92.4827 -8
      vertex 141.966 92.6 0
      vertex 141.966 92.6 -8
    endloop
  endfacet
  facet normal -0.896405 -0.443235 0
    outer loop
      vertex 141.966 92.6 0
      vertex 142.024 92.4827 -8
      vertex 142.024 92.4827 0
    endloop
  endfacet
  facet normal -0.752624 -0.65845 0
    outer loop
      vertex 141.893 92.7088 -8
      vertex 141.807 92.8071 0
      vertex 141.807 92.8071 -8
    endloop
  endfacet
  facet normal -0.752624 -0.65845 0
    outer loop
      vertex 141.807 92.8071 0
      vertex 141.893 92.7088 -8
      vertex 141.893 92.7088 0
    endloop
  endfacet
  facet normal -0.195527 0.980698 0
    outer loop
      vertex 141.359 2.43407 -8
      vertex 141.231 2.40855 0
      vertex 141.359 2.43407 0
    endloop
  endfacet
  facet normal -0.195527 0.980698 0
    outer loop
      vertex 141.231 2.40855 0
      vertex 141.359 2.43407 -8
      vertex 141.231 2.40855 -8
    endloop
  endfacet
  facet normal -0.0651286 0.997877 0
    outer loop
      vertex 141.231 2.40855 -8
      vertex 141.1 2.4 0
      vertex 141.231 2.40855 0
    endloop
  endfacet
  facet normal -0.0651286 0.997877 0
    outer loop
      vertex 141.1 2.4 0
      vertex 141.231 2.40855 -8
      vertex 141.1 2.4 -8
    endloop
  endfacet
  facet normal -0.947034 0.321132 0
    outer loop
      vertex 142.024 3.01732 -8
      vertex 142.066 3.14118 0
      vertex 142.066 3.14118 -8
    endloop
  endfacet
  facet normal -0.947034 0.321132 0
    outer loop
      vertex 142.066 3.14118 0
      vertex 142.024 3.01732 -8
      vertex 142.024 3.01732 0
    endloop
  endfacet
  facet normal -0.660628 0.750714 0
    outer loop
      vertex 141.807 2.69289 -8
      vertex 141.709 2.60665 0
      vertex 141.807 2.69289 0
    endloop
  endfacet
  facet normal -0.660628 0.750714 0
    outer loop
      vertex 141.709 2.60665 0
      vertex 141.807 2.69289 -8
      vertex 141.709 2.60665 -8
    endloop
  endfacet
  facet normal 0.831438 0.555617 0
    outer loop
      vertex 2.60665 2.79124 0
      vertex 2.53397 2.9 -8
      vertex 2.53397 2.9 0
    endloop
  endfacet
  facet normal 0.831438 0.555617 0
    outer loop
      vertex 2.53397 2.9 -8
      vertex 2.60665 2.79124 0
      vertex 2.60665 2.79124 -8
    endloop
  endfacet
  facet normal -0.554348 -0.832285 0
    outer loop
      vertex 141.6 92.966 -8
      vertex 141.709 92.8934 0
      vertex 141.6 92.966 0
    endloop
  endfacet
  facet normal -0.554348 -0.832285 -0
    outer loop
      vertex 141.709 92.8934 0
      vertex 141.6 92.966 -8
      vertex 141.709 92.8934 -8
    endloop
  endfacet
  facet normal -0.660887 -0.750486 0
    outer loop
      vertex 141.709 92.8934 -8
      vertex 141.807 92.8071 0
      vertex 141.709 92.8934 0
    endloop
  endfacet
  facet normal -0.660887 -0.750486 -0
    outer loop
      vertex 141.807 92.8071 0
      vertex 141.709 92.8934 -8
      vertex 141.807 92.8071 -8
    endloop
  endfacet
  facet normal -0.195379 -0.980728 0
    outer loop
      vertex 141.231 93.0914 -8
      vertex 141.359 93.0659 0
      vertex 141.231 93.0914 0
    endloop
  endfacet
  facet normal -0.195379 -0.980728 -0
    outer loop
      vertex 141.359 93.0659 0
      vertex 141.231 93.0914 -8
      vertex 141.359 93.0659 -8
    endloop
  endfacet
  facet normal -0.320807 -0.947145 0
    outer loop
      vertex 141.359 93.0659 -8
      vertex 141.483 93.0239 0
      vertex 141.359 93.0659 0
    endloop
  endfacet
  facet normal -0.320807 -0.947145 -0
    outer loop
      vertex 141.483 93.0239 0
      vertex 141.359 93.0659 -8
      vertex 141.483 93.0239 -8
    endloop
  endfacet
  facet normal -0.830403 -0.557164 0
    outer loop
      vertex 141.966 92.6 -8
      vertex 141.893 92.7088 0
      vertex 141.893 92.7088 -8
    endloop
  endfacet
  facet normal -0.830403 -0.557164 0
    outer loop
      vertex 141.893 92.7088 0
      vertex 141.966 92.6 -8
      vertex 141.966 92.6 0
    endloop
  endfacet
  facet normal -0.555399 0.831584 0
    outer loop
      vertex 2.5 100.33 0
      vertex 1.95619 99.9668 2.4
      vertex 2.5 100.33 2.4
    endloop
  endfacet
  facet normal -0.555399 0.831584 0
    outer loop
      vertex 1.95619 99.9668 2.4
      vertex 2.5 100.33 0
      vertex 1.95619 99.9668 0
    endloop
  endfacet
  facet normal -0.194213 0.980959 0
    outer loop
      vertex 4.34737 100.957 0
      vertex 3.7059 100.83 2.4
      vertex 4.34737 100.957 2.4
    endloop
  endfacet
  facet normal -0.194213 0.980959 0
    outer loop
      vertex 3.7059 100.83 2.4
      vertex 4.34737 100.957 0
      vertex 3.7059 100.83 0
    endloop
  endfacet
  facet normal -0.997859 0.0654055 0
    outer loop
      vertex 0 96 0
      vertex 0.0427752 96.6526 2.4
      vertex 0.0427752 96.6526 0
    endloop
  endfacet
  facet normal -0.997859 0.0654055 0
    outer loop
      vertex 0.0427752 96.6526 2.4
      vertex 0 96 0
      vertex 0 96 2.4
    endloop
  endfacet
  facet normal 0 0 1
    outer loop
      vertex 65.0855 94.3053 2.4
      vertex 27 80.8 2.4
      vertex 65 93 2.4
    endloop
  endfacet
  facet normal 0 0 1
    outer loop
      vertex 65.3407 95.5882 2.4
      vertex 27 80.8 2.4
      vertex 65.0855 94.3053 2.4
    endloop
  endfacet
  facet normal 0 0 1
    outer loop
      vertex 65.7612 96.8268 2.4
      vertex 27 80.8 2.4
      vertex 65.3407 95.5882 2.4
    endloop
  endfacet
  facet normal 0 0 1
    outer loop
      vertex 66.3397 98 2.4
      vertex 27 80.8 2.4
      vertex 65.7612 96.8268 2.4
    endloop
  endfacet
  facet normal 0 0 1
    outer loop
      vertex 5 101 2.4
      vertex 66.3397 98 2.4
      vertex 67.0665 99.0876 2.4
    endloop
  endfacet
  facet normal 0 0 1
    outer loop
      vertex 5 101 2.4
      vertex 67.0665 99.0876 2.4
      vertex 67.9289 100.071 2.4
    endloop
  endfacet
  facet normal 0 0 1
    outer loop
      vertex 5 101 2.4
      vertex 67.9289 100.071 2.4
      vertex 68.9124 100.934 2.4
    endloop
  endfacet
  facet normal -0 0 1
    outer loop
      vertex 5 101 2.4
      vertex 68.9124 100.934 2.4
      vertex 69.0119 101 2.4
    endloop
  endfacet
  facet normal 0 0 1
    outer loop
      vertex 66.3397 98 2.4
      vertex 5 101 2.4
      vertex 27 80.8 2.4
    endloop
  endfacet
  facet normal -0 0 1
    outer loop
      vertex 0 96 2.4
      vertex 25 80.8 2.4
      vertex 5 101 2.4
    endloop
  endfacet
  facet normal 0 0 1
    outer loop
      vertex 27 80.8 2.4
      vertex 5 101 2.4
      vertex 25 80.8 2.4
    endloop
  endfacet
  facet normal -0 0 1
    outer loop
      vertex 75 83 2.4
      vertex 76 80.8 2.4
      vertex 76.3053 83.0855 2.4
    endloop
  endfacet
  facet normal 0 0 1
    outer loop
      vertex 75 83 2.4
      vertex 74 80.8 2.4
      vertex 76 80.8 2.4
    endloop
  endfacet
  facet normal 0 0 1
    outer loop
      vertex 72.4118 83.3407 2.4
      vertex 74 80.8 2.4
      vertex 73.6947 83.0855 2.4
    endloop
  endfacet
  facet normal 0 0 1
    outer loop
      vertex 73.6947 83.0855 2.4
      vertex 74 80.8 2.4
      vertex 75 83 2.4
    endloop
  endfacet
  facet normal 0 0 1
    outer loop
      vertex 145 101 2.4
      vertex 150 96 2.4
      vertex 149.957 96.6526 2.4
    endloop
  endfacet
  facet normal 0 0 1
    outer loop
      vertex 150 96 2.4
      vertex 125 80.8 2.4
      vertex 150 5 2.4
    endloop
  endfacet
  facet normal 0 0 1
    outer loop
      vertex 145 101 2.4
      vertex 149.957 96.6526 2.4
      vertex 149.83 97.2941 2.4
    endloop
  endfacet
  facet normal -0 0 1
    outer loop
      vertex 125 20.2 2.4
      vertex 150 5 2.4
      vertex 125 80.8 2.4
    endloop
  endfacet
  facet normal 0 0 1
    outer loop
      vertex 145 101 2.4
      vertex 149.83 97.2941 2.4
      vertex 149.619 97.9134 2.4
    endloop
  endfacet
  facet normal 0 -0 1
    outer loop
      vertex 145 0 2.4
      vertex 150 5 2.4
      vertex 125 20.2 2.4
    endloop
  endfacet
  facet normal 0 0 1
    outer loop
      vertex 145 101 2.4
      vertex 149.619 97.9134 2.4
      vertex 149.33 98.5 2.4
    endloop
  endfacet
  facet normal 0 0 1
    outer loop
      vertex 150 5 2.4
      vertex 145 0 2.4
      vertex 149.957 4.34737 2.4
    endloop
  endfacet
  facet normal 0 0 1
    outer loop
      vertex 145 101 2.4
      vertex 149.33 98.5 2.4
      vertex 148.967 99.0438 2.4
    endloop
  endfacet
  facet normal 0 0 1
    outer loop
      vertex 149.957 4.34737 2.4
      vertex 145 0 2.4
      vertex 149.83 3.7059 2.4
    endloop
  endfacet
  facet normal 0 0 1
    outer loop
      vertex 145 101 2.4
      vertex 148.967 99.0438 2.4
      vertex 148.536 99.5355 2.4
    endloop
  endfacet
  facet normal 0 0 1
    outer loop
      vertex 149.83 3.7059 2.4
      vertex 145 0 2.4
      vertex 149.619 3.08658 2.4
    endloop
  endfacet
  facet normal 0 0 1
    outer loop
      vertex 145 101 2.4
      vertex 148.536 99.5355 2.4
      vertex 148.044 99.9668 2.4
    endloop
  endfacet
  facet normal 0 0 1
    outer loop
      vertex 149.619 3.08658 2.4
      vertex 145 0 2.4
      vertex 149.33 2.5 2.4
    endloop
  endfacet
  facet normal 0 0 1
    outer loop
      vertex 145 101 2.4
      vertex 148.044 99.9668 2.4
      vertex 147.5 100.33 2.4
    endloop
  endfacet
  facet normal 0 0 1
    outer loop
      vertex 149.33 2.5 2.4
      vertex 145 0 2.4
      vertex 148.967 1.95619 2.4
    endloop
  endfacet
  facet normal 0 0 1
    outer loop
      vertex 145 101 2.4
      vertex 147.5 100.33 2.4
      vertex 146.913 100.619 2.4
    endloop
  endfacet
  facet normal 0 0 1
    outer loop
      vertex 148.967 1.95619 2.4
      vertex 145 0 2.4
      vertex 148.536 1.46447 2.4
    endloop
  endfacet
  facet normal 0 0 1
    outer loop
      vertex 145 101 2.4
      vertex 146.913 100.619 2.4
      vertex 146.294 100.83 2.4
    endloop
  endfacet
  facet normal 0 0 1
    outer loop
      vertex 148.536 1.46447 2.4
      vertex 145 0 2.4
      vertex 148.044 1.03323 2.4
    endloop
  endfacet
  facet normal 0 0 1
    outer loop
      vertex 145 101 2.4
      vertex 146.294 100.83 2.4
      vertex 145.653 100.957 2.4
    endloop
  endfacet
  facet normal 0 0 1
    outer loop
      vertex 148.044 1.03323 2.4
      vertex 145 0 2.4
      vertex 147.5 0.669872 2.4
    endloop
  endfacet
  facet normal 0 0 1
    outer loop
      vertex 150 96 2.4
      vertex 145 101 2.4
      vertex 125 80.8 2.4
    endloop
  endfacet
  facet normal 0 0 1
    outer loop
      vertex 147.5 0.669872 2.4
      vertex 145 0 2.4
      vertex 146.913 0.380602 2.4
    endloop
  endfacet
  facet normal 0 0 1
    outer loop
      vertex 146.913 0.380602 2.4
      vertex 145 0 2.4
      vertex 146.294 0.17037 2.4
    endloop
  endfacet
  facet normal 0 0 1
    outer loop
      vertex 145 101 2.4
      vertex 123 80.8 2.4
      vertex 125 80.8 2.4
    endloop
  endfacet
  facet normal -0 0 1
    outer loop
      vertex 84.9144 91.6947 2.4
      vertex 123 80.8 2.4
      vertex 85 93 2.4
    endloop
  endfacet
  facet normal -0 0 1
    outer loop
      vertex 83.6603 98 2.4
      vertex 123 80.8 2.4
      vertex 145 101 2.4
    endloop
  endfacet
  facet normal 0 0 1
    outer loop
      vertex 123 80.8 2.4
      vertex 84.9144 94.3053 2.4
      vertex 85 93 2.4
    endloop
  endfacet
  facet normal 0 0 1
    outer loop
      vertex 123 80.8 2.4
      vertex 84.6593 95.5882 2.4
      vertex 84.9144 94.3053 2.4
    endloop
  endfacet
  facet normal 0 0 1
    outer loop
      vertex 123 80.8 2.4
      vertex 84.2388 96.8268 2.4
      vertex 84.6593 95.5882 2.4
    endloop
  endfacet
  facet normal 0 0 1
    outer loop
      vertex 123 80.8 2.4
      vertex 83.6603 98 2.4
      vertex 84.2388 96.8268 2.4
    endloop
  endfacet
  facet normal 0 0 1
    outer loop
      vertex 145 101 2.4
      vertex 82.9335 99.0876 2.4
      vertex 83.6603 98 2.4
    endloop
  endfacet
  facet normal 0 0 1
    outer loop
      vertex 145 101 2.4
      vertex 82.0711 100.071 2.4
      vertex 82.9335 99.0876 2.4
    endloop
  endfacet
  facet normal 0 0 1
    outer loop
      vertex 145 101 2.4
      vertex 81.0876 100.934 2.4
      vertex 82.0711 100.071 2.4
    endloop
  endfacet
  facet normal 0 -0 1
    outer loop
      vertex 81.0876 100.934 2.4
      vertex 145 101 2.4
      vertex 80.9881 101 2.4
    endloop
  endfacet
  facet normal 0 0 1
    outer loop
      vertex 146.294 0.17037 2.4
      vertex 145 0 2.4
      vertex 145.653 0.0427752 2.4
    endloop
  endfacet
  facet normal -0 0 1
    outer loop
      vertex 123 20.2 2.4
      vertex 145 0 2.4
      vertex 125 20.2 2.4
    endloop
  endfacet
  facet normal -0 0 1
    outer loop
      vertex 84.6593 90.4118 2.4
      vertex 123 80.8 2.4
      vertex 84.9144 91.6947 2.4
    endloop
  endfacet
  facet normal -0 0 1
    outer loop
      vertex 84.2388 89.1732 2.4
      vertex 123 80.8 2.4
      vertex 84.6593 90.4118 2.4
    endloop
  endfacet
  facet normal -0 0 1
    outer loop
      vertex 83.6603 88 2.4
      vertex 123 80.8 2.4
      vertex 84.2388 89.1732 2.4
    endloop
  endfacet
  facet normal -0 0 1
    outer loop
      vertex 82.9335 86.9124 2.4
      vertex 123 80.8 2.4
      vertex 83.6603 88 2.4
    endloop
  endfacet
  facet normal -0 0 1
    outer loop
      vertex 82.0711 85.9289 2.4
      vertex 123 80.8 2.4
      vertex 82.9335 86.9124 2.4
    endloop
  endfacet
  facet normal -0 0 1
    outer loop
      vertex 81.0876 85.0665 2.4
      vertex 123 80.8 2.4
      vertex 82.0711 85.9289 2.4
    endloop
  endfacet
  facet normal 0 0 1
    outer loop
      vertex 76 80.8 2.4
      vertex 123 80.8 2.4
      vertex 81.0876 85.0665 2.4
    endloop
  endfacet
  facet normal 0 0 1
    outer loop
      vertex 76 80.8 2.4
      vertex 81.0876 85.0665 2.4
      vertex 80 84.3397 2.4
    endloop
  endfacet
  facet normal 0 0 1
    outer loop
      vertex 76 80.8 2.4
      vertex 80 84.3397 2.4
      vertex 78.8268 83.7612 2.4
    endloop
  endfacet
  facet normal 0 0 1
    outer loop
      vertex 76 80.8 2.4
      vertex 78.8268 83.7612 2.4
      vertex 77.5882 83.3407 2.4
    endloop
  endfacet
  facet normal 0 0 1
    outer loop
      vertex 76 80.8 2.4
      vertex 77.5882 83.3407 2.4
      vertex 76.3053 83.0855 2.4
    endloop
  endfacet
  facet normal 0 0 1
    outer loop
      vertex 123 80.8 2.4
      vertex 76 80.8 2.4
      vertex 123 20.2 2.4
    endloop
  endfacet
  facet normal 0 0 1
    outer loop
      vertex 76 20.2 2.4
      vertex 123 20.2 2.4
      vertex 76 80.8 2.4
    endloop
  endfacet
  facet normal -0 0 1
    outer loop
      vertex 76 20.2 2.4
      vertex 145 0 2.4
      vertex 123 20.2 2.4
    endloop
  endfacet
  facet normal -0 0 1
    outer loop
      vertex 74 20.2 2.4
      vertex 145 0 2.4
      vertex 76 20.2 2.4
    endloop
  endfacet
  facet normal 0 0 1
    outer loop
      vertex 71.1732 83.7612 2.4
      vertex 74 80.8 2.4
      vertex 72.4118 83.3407 2.4
    endloop
  endfacet
  facet normal 0 0 1
    outer loop
      vertex 70 84.3397 2.4
      vertex 74 80.8 2.4
      vertex 71.1732 83.7612 2.4
    endloop
  endfacet
  facet normal 0 0 1
    outer loop
      vertex 68.9124 85.0665 2.4
      vertex 74 80.8 2.4
      vertex 70 84.3397 2.4
    endloop
  endfacet
  facet normal 0 0 1
    outer loop
      vertex 74 80.8 2.4
      vertex 68.9124 85.0665 2.4
      vertex 27 80.8 2.4
    endloop
  endfacet
  facet normal 0 0 1
    outer loop
      vertex 27 80.8 2.4
      vertex 68.9124 85.0665 2.4
      vertex 67.9289 85.9289 2.4
    endloop
  endfacet
  facet normal 0 0 1
    outer loop
      vertex 27 80.8 2.4
      vertex 67.9289 85.9289 2.4
      vertex 67.0665 86.9124 2.4
    endloop
  endfacet
  facet normal 0 0 1
    outer loop
      vertex 27 80.8 2.4
      vertex 67.0665 86.9124 2.4
      vertex 66.3397 88 2.4
    endloop
  endfacet
  facet normal 0 0 1
    outer loop
      vertex 27 80.8 2.4
      vertex 66.3397 88 2.4
      vertex 65.7612 89.1732 2.4
    endloop
  endfacet
  facet normal 0 0 1
    outer loop
      vertex 27 80.8 2.4
      vertex 65.7612 89.1732 2.4
      vertex 65.3407 90.4118 2.4
    endloop
  endfacet
  facet normal 0 0 1
    outer loop
      vertex 27 80.8 2.4
      vertex 65.3407 90.4118 2.4
      vertex 65.0855 91.6947 2.4
    endloop
  endfacet
  facet normal 0 0 1
    outer loop
      vertex 27 80.8 2.4
      vertex 65.0855 91.6947 2.4
      vertex 65 93 2.4
    endloop
  endfacet
  facet normal 0 0 1
    outer loop
      vertex 74 80.8 2.4
      vertex 27 80.8 2.4
      vertex 74 20.2 2.4
    endloop
  endfacet
  facet normal 0 0 1
    outer loop
      vertex 27 20.2 2.4
      vertex 74 20.2 2.4
      vertex 27 80.8 2.4
    endloop
  endfacet
  facet normal 0 0 1
    outer loop
      vertex 5 0 2.4
      vertex 74 20.2 2.4
      vertex 27 20.2 2.4
    endloop
  endfacet
  facet normal 0 0 1
    outer loop
      vertex 5 0 2.4
      vertex 27 20.2 2.4
      vertex 25 20.2 2.4
    endloop
  endfacet
  facet normal 0 0 1
    outer loop
      vertex 74 20.2 2.4
      vertex 5 0 2.4
      vertex 145 0 2.4
    endloop
  endfacet
  facet normal 0 0 1
    outer loop
      vertex 25 80.8 2.4
      vertex 0 96 2.4
      vertex 25 20.2 2.4
    endloop
  endfacet
  facet normal 0 0 1
    outer loop
      vertex 0 96 2.4
      vertex 5 101 2.4
      vertex 4.34737 100.957 2.4
    endloop
  endfacet
  facet normal 0 0 1
    outer loop
      vertex 0 5 2.4
      vertex 25 20.2 2.4
      vertex 0 96 2.4
    endloop
  endfacet
  facet normal 0 0 1
    outer loop
      vertex 0 96 2.4
      vertex 4.34737 100.957 2.4
      vertex 3.7059 100.83 2.4
    endloop
  endfacet
  facet normal 0 0 1
    outer loop
      vertex 25 20.2 2.4
      vertex 0 5 2.4
      vertex 5 0 2.4
    endloop
  endfacet
  facet normal 0 0 1
    outer loop
      vertex 0 96 2.4
      vertex 3.7059 100.83 2.4
      vertex 3.08658 100.619 2.4
    endloop
  endfacet
  facet normal 0 0 1
    outer loop
      vertex 5 0 2.4
      vertex 0 5 2.4
      vertex 4.34737 0.0427752 2.4
    endloop
  endfacet
  facet normal 0 0 1
    outer loop
      vertex 0 96 2.4
      vertex 3.08658 100.619 2.4
      vertex 2.5 100.33 2.4
    endloop
  endfacet
  facet normal 0 0 1
    outer loop
      vertex 4.34737 0.0427752 2.4
      vertex 0 5 2.4
      vertex 3.7059 0.17037 2.4
    endloop
  endfacet
  facet normal 0 0 1
    outer loop
      vertex 0 96 2.4
      vertex 2.5 100.33 2.4
      vertex 1.95619 99.9668 2.4
    endloop
  endfacet
  facet normal 0 0 1
    outer loop
      vertex 3.7059 0.17037 2.4
      vertex 0 5 2.4
      vertex 3.08658 0.380602 2.4
    endloop
  endfacet
  facet normal 0 0 1
    outer loop
      vertex 0 96 2.4
      vertex 1.95619 99.9668 2.4
      vertex 1.46447 99.5355 2.4
    endloop
  endfacet
  facet normal 0 0 1
    outer loop
      vertex 3.08658 0.380602 2.4
      vertex 0 5 2.4
      vertex 2.5 0.669872 2.4
    endloop
  endfacet
  facet normal 0 0 1
    outer loop
      vertex 0 96 2.4
      vertex 1.46447 99.5355 2.4
      vertex 1.03323 99.0438 2.4
    endloop
  endfacet
  facet normal 0 0 1
    outer loop
      vertex 2.5 0.669872 2.4
      vertex 0 5 2.4
      vertex 1.95619 1.03323 2.4
    endloop
  endfacet
  facet normal 0 0 1
    outer loop
      vertex 0 96 2.4
      vertex 1.03323 99.0438 2.4
      vertex 0.669872 98.5 2.4
    endloop
  endfacet
  facet normal 0 0 1
    outer loop
      vertex 1.95619 1.03323 2.4
      vertex 0 5 2.4
      vertex 1.46447 1.46447 2.4
    endloop
  endfacet
  facet normal 0 0 1
    outer loop
      vertex 0 96 2.4
      vertex 0.669872 98.5 2.4
      vertex 0.380602 97.9134 2.4
    endloop
  endfacet
  facet normal 0 0 1
    outer loop
      vertex 1.46447 1.46447 2.4
      vertex 0 5 2.4
      vertex 1.03323 1.95619 2.4
    endloop
  endfacet
  facet normal 0 0 1
    outer loop
      vertex 0 96 2.4
      vertex 0.380602 97.9134 2.4
      vertex 0.17037 97.2941 2.4
    endloop
  endfacet
  facet normal 0 0 1
    outer loop
      vertex 1.03323 1.95619 2.4
      vertex 0 5 2.4
      vertex 0.669872 2.5 2.4
    endloop
  endfacet
  facet normal 0 0 1
    outer loop
      vertex 0 96 2.4
      vertex 0.17037 97.2941 2.4
      vertex 0.0427752 96.6526 2.4
    endloop
  endfacet
  facet normal 0 0 1
    outer loop
      vertex 0.669872 2.5 2.4
      vertex 0 5 2.4
      vertex 0.380602 3.08658 2.4
    endloop
  endfacet
  facet normal 0 0 1
    outer loop
      vertex 0.380602 3.08658 2.4
      vertex 0 5 2.4
      vertex 0.17037 3.7059 2.4
    endloop
  endfacet
  facet normal 0 0 1
    outer loop
      vertex 0.17037 3.7059 2.4
      vertex 0 5 2.4
      vertex 0.0427752 4.34737 2.4
    endloop
  endfacet
  facet normal -0.896872 -0.44229 0
    outer loop
      vertex 0.669872 2.5 0
      vertex 0.380602 3.08658 2.4
      vertex 0.380602 3.08658 0
    endloop
  endfacet
  facet normal -0.896872 -0.44229 0
    outer loop
      vertex 0.380602 3.08658 2.4
      vertex 0.669872 2.5 0
      vertex 0.669872 2.5 2.4
    endloop
  endfacet
  facet normal 0 1 -0
    outer loop
      vertex 69.0119 101 0
      vertex 5 101 2.4
      vertex 69.0119 101 2.4
    endloop
  endfacet
  facet normal 0 1 0
    outer loop
      vertex 5 101 2.4
      vertex 69.0119 101 0
      vertex 5 101 0
    endloop
  endfacet
  facet normal 0 1 -0
    outer loop
      vertex 145 101 0
      vertex 80.9881 101 2.4
      vertex 145 101 2.4
    endloop
  endfacet
  facet normal 0 1 0
    outer loop
      vertex 80.9881 101 2.4
      vertex 145 101 0
      vertex 80.9881 101 0
    endloop
  endfacet
  facet normal -0.195088 -0.980786 0
    outer loop
      vertex 3.7059 0.17037 0
      vertex 4.34737 0.0427752 2.4
      vertex 3.7059 0.17037 2.4
    endloop
  endfacet
  facet normal -0.195088 -0.980786 -0
    outer loop
      vertex 4.34737 0.0427752 2.4
      vertex 3.7059 0.17037 0
      vertex 4.34737 0.0427752 0
    endloop
  endfacet
  facet normal -0.831468 0.555573 0
    outer loop
      vertex 0.669872 98.5 0
      vertex 1.03323 99.0438 2.4
      vertex 1.03323 99.0438 0
    endloop
  endfacet
  facet normal -0.831468 0.555573 0
    outer loop
      vertex 1.03323 99.0438 2.4
      vertex 0.669872 98.5 0
      vertex 0.669872 98.5 2.4
    endloop
  endfacet
  facet normal -0.997859 -0.0654025 0
    outer loop
      vertex 0.0427752 4.34737 0
      vertex 0 5 2.4
      vertex 0 5 0
    endloop
  endfacet
  facet normal -0.997859 -0.0654025 0
    outer loop
      vertex 0 5 2.4
      vertex 0.0427752 4.34737 0
      vertex 0.0427752 4.34737 2.4
    endloop
  endfacet
  facet normal -0.94693 -0.321441 0
    outer loop
      vertex 0.380602 3.08658 0
      vertex 0.17037 3.7059 2.4
      vertex 0.17037 3.7059 0
    endloop
  endfacet
  facet normal -0.94693 -0.321441 0
    outer loop
      vertex 0.17037 3.7059 2.4
      vertex 0.380602 3.08658 0
      vertex 0.380602 3.08658 2.4
    endloop
  endfacet
  facet normal -0.75183 -0.659357 0
    outer loop
      vertex 1.46447 1.46447 0
      vertex 1.03323 1.95619 2.4
      vertex 1.03323 1.95619 0
    endloop
  endfacet
  facet normal -0.75183 -0.659357 0
    outer loop
      vertex 1.03323 1.95619 2.4
      vertex 1.46447 1.46447 0
      vertex 1.46447 1.46447 2.4
    endloop
  endfacet
  facet normal 1 -0 0
    outer loop
      vertex 150 5 2.4
      vertex 150 96 0
      vertex 150 96 2.4
    endloop
  endfacet
  facet normal 1 0 0
    outer loop
      vertex 150 96 0
      vertex 150 5 2.4
      vertex 150 5 0
    endloop
  endfacet
  facet normal 0.322643 0.946521 -0
    outer loop
      vertex 146.913 100.619 0
      vertex 146.294 100.83 2.4
      vertex 146.913 100.619 2.4
    endloop
  endfacet
  facet normal 0.322643 0.946521 0
    outer loop
      vertex 146.294 100.83 2.4
      vertex 146.913 100.619 0
      vertex 146.294 100.83 0
    endloop
  endfacet
  facet normal -0.322493 0.946572 0
    outer loop
      vertex 3.7059 100.83 0
      vertex 3.08658 100.619 2.4
      vertex 3.7059 100.83 2.4
    endloop
  endfacet
  facet normal -0.322493 0.946572 0
    outer loop
      vertex 3.08658 100.619 2.4
      vertex 3.7059 100.83 0
      vertex 3.08658 100.619 0
    endloop
  endfacet
  facet normal -0.0654025 -0.997859 0
    outer loop
      vertex 4.34737 0.0427752 0
      vertex 5 0 2.4
      vertex 4.34737 0.0427752 2.4
    endloop
  endfacet
  facet normal -0.0654025 -0.997859 -0
    outer loop
      vertex 5 0 2.4
      vertex 4.34737 0.0427752 0
      vertex 5 0 0
    endloop
  endfacet
  facet normal 0.0653656 -0.997861 0
    outer loop
      vertex 145 0 0
      vertex 145.653 0.0427752 2.4
      vertex 145 0 2.4
    endloop
  endfacet
  facet normal 0.0653656 -0.997861 0
    outer loop
      vertex 145.653 0.0427752 2.4
      vertex 145 0 0
      vertex 145.653 0.0427752 0
    endloop
  endfacet
  facet normal -0.659409 0.751784 0
    outer loop
      vertex 1.95619 99.9668 0
      vertex 1.46447 99.5355 2.4
      vertex 1.95619 99.9668 2.4
    endloop
  endfacet
  facet normal -0.659409 0.751784 0
    outer loop
      vertex 1.46447 99.5355 2.4
      vertex 1.95619 99.9668 0
      vertex 1.46447 99.5355 0
    endloop
  endfacet
  facet normal -0.751817 0.659372 0
    outer loop
      vertex 1.03323 99.0438 0
      vertex 1.46447 99.5355 2.4
      vertex 1.46447 99.5355 0
    endloop
  endfacet
  facet normal -0.751817 0.659372 0
    outer loop
      vertex 1.46447 99.5355 2.4
      vertex 1.03323 99.0438 0
      vertex 1.03323 99.0438 2.4
    endloop
  endfacet
  facet normal -0.946926 0.32145 0
    outer loop
      vertex 0.17037 97.2941 0
      vertex 0.380602 97.9134 2.4
      vertex 0.380602 97.9134 0
    endloop
  endfacet
  facet normal -0.946926 0.32145 0
    outer loop
      vertex 0.380602 97.9134 2.4
      vertex 0.17037 97.2941 0
      vertex 0.17037 97.2941 2.4
    endloop
  endfacet
  facet normal -0.980787 0.195079 0
    outer loop
      vertex 0.0427752 96.6526 0
      vertex 0.17037 97.2941 2.4
      vertex 0.17037 97.2941 0
    endloop
  endfacet
  facet normal -0.980787 0.195079 0
    outer loop
      vertex 0.17037 97.2941 2.4
      vertex 0.0427752 96.6526 0
      vertex 0.0427752 96.6526 2.4
    endloop
  endfacet
  facet normal -0.896878 0.442277 0
    outer loop
      vertex 0.380602 97.9134 0
      vertex 0.669872 98.5 2.4
      vertex 0.669872 98.5 0
    endloop
  endfacet
  facet normal -0.896878 0.442277 0
    outer loop
      vertex 0.669872 98.5 2.4
      vertex 0.380602 97.9134 0
      vertex 0.380602 97.9134 2.4
    endloop
  endfacet
  facet normal -0.980786 -0.195088 0
    outer loop
      vertex 0.17037 3.7059 0
      vertex 0.0427752 4.34737 2.4
      vertex 0.0427752 4.34737 0
    endloop
  endfacet
  facet normal -0.980786 -0.195088 0
    outer loop
      vertex 0.0427752 4.34737 2.4
      vertex 0.17037 3.7059 0
      vertex 0.17037 3.7059 2.4
    endloop
  endfacet
  facet normal -0.831473 -0.555566 0
    outer loop
      vertex 1.03323 1.95619 0
      vertex 0.669872 2.5 2.4
      vertex 0.669872 2.5 0
    endloop
  endfacet
  facet normal -0.831473 -0.555566 0
    outer loop
      vertex 0.669872 2.5 2.4
      vertex 1.03323 1.95619 0
      vertex 1.03323 1.95619 2.4
    endloop
  endfacet
  facet normal -0.659357 -0.75183 0
    outer loop
      vertex 1.46447 1.46447 0
      vertex 1.95619 1.03323 2.4
      vertex 1.46447 1.46447 2.4
    endloop
  endfacet
  facet normal -0.659357 -0.75183 -0
    outer loop
      vertex 1.95619 1.03323 2.4
      vertex 1.46447 1.46447 0
      vertex 1.95619 1.03323 0
    endloop
  endfacet
  facet normal 0.659197 0.75197 -0
    outer loop
      vertex 148.536 99.5355 0
      vertex 148.044 99.9668 2.4
      vertex 148.536 99.5355 2.4
    endloop
  endfacet
  facet normal 0.659197 0.75197 0
    outer loop
      vertex 148.044 99.9668 2.4
      vertex 148.536 99.5355 0
      vertex 148.044 99.9668 0
    endloop
  endfacet
  facet normal 0.946572 -0.322493 0
    outer loop
      vertex 149.619 3.08658 2.4
      vertex 149.83 3.7059 0
      vertex 149.83 3.7059 2.4
    endloop
  endfacet
  facet normal 0.946572 -0.322493 0
    outer loop
      vertex 149.83 3.7059 0
      vertex 149.619 3.08658 2.4
      vertex 149.619 3.08658 0
    endloop
  endfacet
  facet normal 0.897042 0.441945 0
    outer loop
      vertex 149.619 97.9134 2.4
      vertex 149.33 98.5 0
      vertex 149.33 98.5 2.4
    endloop
  endfacet
  facet normal 0.897042 0.441945 0
    outer loop
      vertex 149.33 98.5 0
      vertex 149.619 97.9134 2.4
      vertex 149.619 97.9134 0
    endloop
  endfacet
  facet normal 0.997836 -0.0657447 0
    outer loop
      vertex 149.957 4.34737 2.4
      vertex 150 5 0
      vertex 150 5 2.4
    endloop
  endfacet
  facet normal 0.997836 -0.0657447 0
    outer loop
      vertex 150 5 0
      vertex 149.957 4.34737 2.4
      vertex 149.957 4.34737 0
    endloop
  endfacet
  facet normal 0.0657076 0.997839 -0
    outer loop
      vertex 145.653 100.957 0
      vertex 145 101 2.4
      vertex 145.653 100.957 2.4
    endloop
  endfacet
  facet normal 0.0657076 0.997839 0
    outer loop
      vertex 145 101 2.4
      vertex 145.653 100.957 0
      vertex 145 101 0
    endloop
  endfacet
  facet normal 0.19435 0.980932 -0
    outer loop
      vertex 146.294 100.83 0
      vertex 145.653 100.957 2.4
      vertex 146.294 100.83 2.4
    endloop
  endfacet
  facet normal 0.19435 0.980932 0
    outer loop
      vertex 145.653 100.957 2.4
      vertex 146.294 100.83 0
      vertex 145.653 100.957 0
    endloop
  endfacet
  facet normal 0.555265 0.831674 -0
    outer loop
      vertex 148.044 99.9668 0
      vertex 147.5 100.33 2.4
      vertex 148.044 99.9668 2.4
    endloop
  endfacet
  facet normal 0.555265 0.831674 0
    outer loop
      vertex 147.5 100.33 2.4
      vertex 148.044 99.9668 0
      vertex 147.5 100.33 0
    endloop
  endfacet
  facet normal -0.0657447 0.997836 0
    outer loop
      vertex 5 101 0
      vertex 4.34737 100.957 2.4
      vertex 5 101 2.4
    endloop
  endfacet
  facet normal -0.0657447 0.997836 0
    outer loop
      vertex 4.34737 100.957 2.4
      vertex 5 101 0
      vertex 4.34737 100.957 0
    endloop
  endfacet
  facet normal -0.441957 0.897036 0
    outer loop
      vertex 3.08658 100.619 0
      vertex 2.5 100.33 2.4
      vertex 3.08658 100.619 2.4
    endloop
  endfacet
  facet normal -0.441957 0.897036 0
    outer loop
      vertex 2.5 100.33 2.4
      vertex 3.08658 100.619 0
      vertex 2.5 100.33 0
    endloop
  endfacet
  facet normal -0.44229 -0.896872 0
    outer loop
      vertex 2.5 0.669872 0
      vertex 3.08658 0.380602 2.4
      vertex 2.5 0.669872 2.4
    endloop
  endfacet
  facet normal -0.44229 -0.896872 -0
    outer loop
      vertex 3.08658 0.380602 2.4
      vertex 2.5 0.669872 0
      vertex 3.08658 0.380602 0
    endloop
  endfacet
  facet normal -0.555566 -0.831473 0
    outer loop
      vertex 1.95619 1.03323 0
      vertex 2.5 0.669872 2.4
      vertex 1.95619 1.03323 2.4
    endloop
  endfacet
  facet normal -0.555566 -0.831473 -0
    outer loop
      vertex 2.5 0.669872 2.4
      vertex 1.95619 1.03323 0
      vertex 2.5 0.669872 0
    endloop
  endfacet
  facet normal 0.195226 -0.980758 0
    outer loop
      vertex 145.653 0.0427752 0
      vertex 146.294 0.17037 2.4
      vertex 145.653 0.0427752 2.4
    endloop
  endfacet
  facet normal 0.195226 -0.980758 0
    outer loop
      vertex 146.294 0.17037 2.4
      vertex 145.653 0.0427752 0
      vertex 146.294 0.17037 0
    endloop
  endfacet
  facet normal 0.751998 0.659165 0
    outer loop
      vertex 148.967 99.0438 2.4
      vertex 148.536 99.5355 0
      vertex 148.536 99.5355 2.4
    endloop
  endfacet
  facet normal 0.751998 0.659165 0
    outer loop
      vertex 148.536 99.5355 0
      vertex 148.967 99.0438 2.4
      vertex 148.967 99.0438 0
    endloop
  endfacet
  facet normal 0.831721 0.555194 0
    outer loop
      vertex 149.33 98.5 2.4
      vertex 148.967 99.0438 0
      vertex 148.967 99.0438 2.4
    endloop
  endfacet
  facet normal 0.831721 0.555194 0
    outer loop
      vertex 148.967 99.0438 0
      vertex 149.33 98.5 2.4
      vertex 149.33 98.5 0
    endloop
  endfacet
  facet normal 0.831725 -0.555187 0
    outer loop
      vertex 148.967 1.95619 2.4
      vertex 149.33 2.5 0
      vertex 149.33 2.5 2.4
    endloop
  endfacet
  facet normal 0.831725 -0.555187 0
    outer loop
      vertex 149.33 2.5 0
      vertex 148.967 1.95619 2.4
      vertex 148.967 1.95619 0
    endloop
  endfacet
  facet normal 0.980959 -0.194213 0
    outer loop
      vertex 149.83 3.7059 2.4
      vertex 149.957 4.34737 0
      vertex 149.957 4.34737 2.4
    endloop
  endfacet
  facet normal 0.980959 -0.194213 0
    outer loop
      vertex 149.957 4.34737 0
      vertex 149.83 3.7059 2.4
      vertex 149.83 3.7059 0
    endloop
  endfacet
  facet normal 0.897036 -0.441957 0
    outer loop
      vertex 149.33 2.5 2.4
      vertex 149.619 3.08658 0
      vertex 149.619 3.08658 2.4
    endloop
  endfacet
  facet normal 0.897036 -0.441957 0
    outer loop
      vertex 149.619 3.08658 0
      vertex 149.33 2.5 2.4
      vertex 149.33 2.5 0
    endloop
  endfacet
  facet normal 0.441703 0.897161 -0
    outer loop
      vertex 147.5 100.33 0
      vertex 146.913 100.619 2.4
      vertex 147.5 100.33 2.4
    endloop
  endfacet
  facet normal 0.441703 0.897161 0
    outer loop
      vertex 146.913 100.619 2.4
      vertex 147.5 100.33 0
      vertex 146.913 100.619 0
    endloop
  endfacet
  facet normal -0.321441 -0.94693 0
    outer loop
      vertex 3.08658 0.380602 0
      vertex 3.7059 0.17037 2.4
      vertex 3.08658 0.380602 2.4
    endloop
  endfacet
  facet normal -0.321441 -0.94693 -0
    outer loop
      vertex 3.7059 0.17037 2.4
      vertex 3.08658 0.380602 0
      vertex 3.7059 0.17037 0
    endloop
  endfacet
  facet normal 0.442035 -0.896998 0
    outer loop
      vertex 146.913 0.380602 0
      vertex 147.5 0.669872 2.4
      vertex 146.913 0.380602 2.4
    endloop
  endfacet
  facet normal 0.442035 -0.896998 0
    outer loop
      vertex 147.5 0.669872 2.4
      vertex 146.913 0.380602 0
      vertex 147.5 0.669872 0
    endloop
  endfacet
  facet normal 0.32159 -0.946879 0
    outer loop
      vertex 146.294 0.17037 0
      vertex 146.913 0.380602 2.4
      vertex 146.294 0.17037 2.4
    endloop
  endfacet
  facet normal 0.32159 -0.946879 0
    outer loop
      vertex 146.913 0.380602 2.4
      vertex 146.294 0.17037 0
      vertex 146.913 0.380602 0
    endloop
  endfacet
  facet normal 0.555432 -0.831562 0
    outer loop
      vertex 147.5 0.669872 0
      vertex 148.044 1.03323 2.4
      vertex 147.5 0.669872 2.4
    endloop
  endfacet
  facet normal 0.555432 -0.831562 0
    outer loop
      vertex 148.044 1.03323 2.4
      vertex 147.5 0.669872 0
      vertex 148.044 1.03323 0
    endloop
  endfacet
  facet normal 0.946569 0.322503 0
    outer loop
      vertex 149.83 97.2941 2.4
      vertex 149.619 97.9134 0
      vertex 149.619 97.9134 2.4
    endloop
  endfacet
  facet normal 0.946569 0.322503 0
    outer loop
      vertex 149.619 97.9134 0
      vertex 149.83 97.2941 2.4
      vertex 149.83 97.2941 0
    endloop
  endfacet
  facet normal 0.980961 0.194204 0
    outer loop
      vertex 149.957 96.6526 2.4
      vertex 149.83 97.2941 0
      vertex 149.83 97.2941 2.4
    endloop
  endfacet
  facet normal 0.980961 0.194204 0
    outer loop
      vertex 149.83 97.2941 0
      vertex 149.957 96.6526 2.4
      vertex 149.957 96.6526 0
    endloop
  endfacet
  facet normal 0.997836 0.0657477 0
    outer loop
      vertex 150 96 2.4
      vertex 149.957 96.6526 0
      vertex 149.957 96.6526 2.4
    endloop
  endfacet
  facet normal 0.997836 0.0657477 0
    outer loop
      vertex 149.957 96.6526 0
      vertex 150 96 2.4
      vertex 150 96 0
    endloop
  endfacet
  facet normal 0.752012 -0.65915 0
    outer loop
      vertex 148.536 1.46447 2.4
      vertex 148.967 1.95619 0
      vertex 148.967 1.95619 2.4
    endloop
  endfacet
  facet normal 0.752012 -0.65915 0
    outer loop
      vertex 148.967 1.95619 0
      vertex 148.536 1.46447 2.4
      vertex 148.536 1.46447 0
    endloop
  endfacet
  facet normal 0.659145 -0.752016 0
    outer loop
      vertex 148.044 1.03323 0
      vertex 148.536 1.46447 2.4
      vertex 148.044 1.03323 2.4
    endloop
  endfacet
  facet normal 0.659145 -0.752016 0
    outer loop
      vertex 148.536 1.46447 2.4
      vertex 148.044 1.03323 0
      vertex 148.536 1.46447 0
    endloop
  endfacet
  facet normal -0.997859 -0.0654035 -0
    outer loop
      vertex 84.9934 93.1 0
      vertex 84.9144 94.3053 -0.0999994
      vertex 84.9934 93.1 -0.0999994
    endloop
  endfacet
  facet normal -0.997859 -0.0654035 0
    outer loop
      vertex 84.9144 94.3053 -0.0999994
      vertex 84.9934 93.1 0
      vertex 84.9144 94.3053 2.4
    endloop
  endfacet
  facet normal -0.997829 -0.0658567 -0
    outer loop
      vertex 85 93 2.4
      vertex 84.9934 93.1 0
      vertex 85 93 0
    endloop
  endfacet
  facet normal -0.997857 -0.0654382 1.75126e-05
    outer loop
      vertex 84.9934 93.1 0
      vertex 85 93 2.4
      vertex 84.9144 94.3053 2.4
    endloop
  endfacet
  facet normal -0.659559 -0.751653 0
    outer loop
      vertex 81.0876 100.934 0
      vertex 82.0711 100.071 2.4
      vertex 81.0876 100.934 2.4
    endloop
  endfacet
  facet normal -0.659559 -0.751653 -0
    outer loop
      vertex 82.0711 100.071 2.4
      vertex 81.0876 100.934 0
      vertex 82.0711 100.071 0
    endloop
  endfacet
  facet normal 0.751847 -0.659338 0
    outer loop
      vertex 67.0665 99.0876 2.4
      vertex 67.9289 100.071 0
      vertex 67.9289 100.071 2.4
    endloop
  endfacet
  facet normal 0.751847 -0.659338 0
    outer loop
      vertex 67.9289 100.071 0
      vertex 67.0665 99.0876 2.4
      vertex 67.0665 99.0876 0
    endloop
  endfacet
  facet normal -0.89689 -0.442253 0
    outer loop
      vertex 84.2388 96.8268 0
      vertex 83.6603 98 2.4
      vertex 83.6603 98 0
    endloop
  endfacet
  facet normal -0.89689 -0.442253 0
    outer loop
      vertex 83.6603 98 2.4
      vertex 84.2388 96.8268 0
      vertex 84.2388 96.8268 2.4
    endloop
  endfacet
  facet normal 0.946918 -0.321475 0
    outer loop
      vertex 65.3407 95.5882 2.4
      vertex 65.7612 96.8268 0
      vertex 65.7612 96.8268 2.4
    endloop
  endfacet
  facet normal 0.946918 -0.321475 0
    outer loop
      vertex 65.7612 96.8268 0
      vertex 65.3407 95.5882 2.4
      vertex 65.3407 95.5882 0
    endloop
  endfacet
  facet normal 0 0 1
    outer loop
      vertex 84.6768 95.5 -0.0999994
      vertex 84.9934 93.1 -0.0999994
      vertex 84.9144 94.3053 -0.0999994
    endloop
  endfacet
  facet normal -0 0 1
    outer loop
      vertex 65.3232 95.5 -0.0999994
      vertex 84.9934 93.1 -0.0999994
      vertex 84.6768 95.5 -0.0999994
    endloop
  endfacet
  facet normal -0 0 1
    outer loop
      vertex 65.0855 94.3053 -0.0999994
      vertex 84.9934 93.1 -0.0999994
      vertex 65.3232 95.5 -0.0999994
    endloop
  endfacet
  facet normal 0 0 1
    outer loop
      vertex 84.9934 93.1 -0.0999994
      vertex 65.0855 94.3053 -0.0999994
      vertex 65.0066 93.1 -0.0999994
    endloop
  endfacet
  facet normal 0.195102 0.980783 -0
    outer loop
      vertex 73.6947 83.0855 0
      vertex 72.4118 83.3407 2.4
      vertex 73.6947 83.0855 2.4
    endloop
  endfacet
  facet normal 0.195102 0.980783 0
    outer loop
      vertex 72.4118 83.3407 2.4
      vertex 73.6947 83.0855 0
      vertex 72.4118 83.3407 0
    endloop
  endfacet
  facet normal -0.946918 -0.321475 0
    outer loop
      vertex 84.6593 95.5882 0
      vertex 84.2388 96.8268 2.4
      vertex 84.2388 96.8268 0
    endloop
  endfacet
  facet normal -0.946918 -0.321475 0
    outer loop
      vertex 84.2388 96.8268 2.4
      vertex 84.6593 95.5882 0
      vertex 84.6593 95.5882 2.4
    endloop
  endfacet
  facet normal -0.980879 -0.194619 0
    outer loop
      vertex 84.6768 95.5 0
      vertex 84.6593 95.5882 2.4
      vertex 84.6593 95.5882 0
    endloop
  endfacet
  facet normal -0.980792 -0.195058 -0
    outer loop
      vertex 84.9144 94.3053 2.4
      vertex 84.6768 95.5 0
      vertex 84.9144 94.3053 -0.0999994
    endloop
  endfacet
  facet normal -0.980798 -0.195028 1.56312e-05
    outer loop
      vertex 84.6768 95.5 0
      vertex 84.9144 94.3053 2.4
      vertex 84.6593 95.5882 2.4
    endloop
  endfacet
  facet normal -0.980792 -0.195058 0
    outer loop
      vertex 84.6768 95.5 -0.0999994
      vertex 84.9144 94.3053 -0.0999994
      vertex 84.6768 95.5 0
    endloop
  endfacet
  facet normal -0.751847 -0.659338 0
    outer loop
      vertex 82.9335 99.0876 0
      vertex 82.0711 100.071 2.4
      vertex 82.0711 100.071 0
    endloop
  endfacet
  facet normal -0.751847 -0.659338 0
    outer loop
      vertex 82.0711 100.071 2.4
      vertex 82.9335 99.0876 0
      vertex 82.9335 99.0876 2.4
    endloop
  endfacet
  facet normal -0.831438 -0.555617 0
    outer loop
      vertex 83.6603 98 0
      vertex 82.9335 99.0876 2.4
      vertex 82.9335 99.0876 0
    endloop
  endfacet
  facet normal -0.831438 -0.555617 0
    outer loop
      vertex 82.9335 99.0876 2.4
      vertex 83.6603 98 0
      vertex 83.6603 98 2.4
    endloop
  endfacet
  facet normal -0.552766 -0.833337 0
    outer loop
      vertex 80.9881 101 0
      vertex 81.0876 100.934 2.4
      vertex 80.9881 101 2.4
    endloop
  endfacet
  facet normal -0.552766 -0.833337 -0
    outer loop
      vertex 81.0876 100.934 2.4
      vertex 80.9881 101 0
      vertex 81.0876 100.934 0
    endloop
  endfacet
  facet normal 0.89689 -0.442253 0
    outer loop
      vertex 65.7612 96.8268 2.4
      vertex 66.3397 98 0
      vertex 66.3397 98 2.4
    endloop
  endfacet
  facet normal 0.89689 -0.442253 0
    outer loop
      vertex 66.3397 98 0
      vertex 65.7612 96.8268 2.4
      vertex 65.7612 96.8268 0
    endloop
  endfacet
  facet normal 0.831438 -0.555617 0
    outer loop
      vertex 66.3397 98 2.4
      vertex 67.0665 99.0876 0
      vertex 67.0665 99.0876 2.4
    endloop
  endfacet
  facet normal 0.831438 -0.555617 0
    outer loop
      vertex 67.0665 99.0876 0
      vertex 66.3397 98 2.4
      vertex 66.3397 98 0
    endloop
  endfacet
  facet normal 0.980879 -0.194619 0
    outer loop
      vertex 65.3407 95.5882 2.4
      vertex 65.3232 95.5 0
      vertex 65.3407 95.5882 0
    endloop
  endfacet
  facet normal 0.980783 -0.195102 1.84405e-05
    outer loop
      vertex 65.0855 94.3053 2.4
      vertex 65.3232 95.5 0
      vertex 65.3407 95.5882 2.4
    endloop
  endfacet
  facet normal 0.980776 -0.195137 0
    outer loop
      vertex 65.0855 94.3053 -0.0999994
      vertex 65.3232 95.5 0
      vertex 65.0855 94.3053 2.4
    endloop
  endfacet
  facet normal 0.980776 -0.195137 0
    outer loop
      vertex 65.3232 95.5 0
      vertex 65.0855 94.3053 -0.0999994
      vertex 65.3232 95.5 -0.0999994
    endloop
  endfacet
  facet normal 0.997864 -0.0653211 0
    outer loop
      vertex 65.0855 94.3053 2.4
      vertex 65.0066 93.1 0
      vertex 65.0855 94.3053 -0.0999994
    endloop
  endfacet
  facet normal 0.997862 -0.0653621 2.0698e-05
    outer loop
      vertex 65 93 2.4
      vertex 65.0066 93.1 0
      vertex 65.0855 94.3053 2.4
    endloop
  endfacet
  facet normal 0.997829 -0.0658567 0
    outer loop
      vertex 65.0066 93.1 0
      vertex 65 93 2.4
      vertex 65 93 0
    endloop
  endfacet
  facet normal 0.997864 -0.0653211 0
    outer loop
      vertex 65.0855 94.3053 -0.0999994
      vertex 65.0066 93.1 0
      vertex 65.0066 93.1 -0.0999994
    endloop
  endfacet
  facet normal 0.997862 0.0653621 0
    outer loop
      vertex 65.0855 91.6947 2.4
      vertex 65 93 0
      vertex 65 93 2.4
    endloop
  endfacet
  facet normal 0.997862 0.0653621 0
    outer loop
      vertex 65 93 0
      vertex 65.0855 91.6947 2.4
      vertex 65.0855 91.6947 0
    endloop
  endfacet
  facet normal 0.552766 -0.833337 0
    outer loop
      vertex 68.9124 100.934 0
      vertex 69.0119 101 2.4
      vertex 68.9124 100.934 2.4
    endloop
  endfacet
  facet normal 0.552766 -0.833337 0
    outer loop
      vertex 69.0119 101 2.4
      vertex 68.9124 100.934 0
      vertex 69.0119 101 0
    endloop
  endfacet
  facet normal 0.659559 -0.751653 0
    outer loop
      vertex 67.9289 100.071 0
      vertex 68.9124 100.934 2.4
      vertex 67.9289 100.071 2.4
    endloop
  endfacet
  facet normal 0.659559 -0.751653 0
    outer loop
      vertex 68.9124 100.934 2.4
      vertex 67.9289 100.071 0
      vertex 68.9124 100.934 0
    endloop
  endfacet
  facet normal -0.997857 0.0654382 0
    outer loop
      vertex 84.9144 91.6947 0
      vertex 85 93 2.4
      vertex 85 93 0
    endloop
  endfacet
  facet normal -0.997857 0.0654382 0
    outer loop
      vertex 85 93 2.4
      vertex 84.9144 91.6947 0
      vertex 84.9144 91.6947 2.4
    endloop
  endfacet
  facet normal -0.195102 0.980783 0
    outer loop
      vertex 77.5882 83.3407 0
      vertex 76.3053 83.0855 2.4
      vertex 77.5882 83.3407 2.4
    endloop
  endfacet
  facet normal -0.195102 0.980783 0
    outer loop
      vertex 76.3053 83.0855 2.4
      vertex 77.5882 83.3407 0
      vertex 76.3053 83.0855 0
    endloop
  endfacet
  facet normal -0.442253 0.89689 0
    outer loop
      vertex 80 84.3397 0
      vertex 78.8268 83.7612 2.4
      vertex 80 84.3397 2.4
    endloop
  endfacet
  facet normal -0.442253 0.89689 0
    outer loop
      vertex 78.8268 83.7612 2.4
      vertex 80 84.3397 0
      vertex 78.8268 83.7612 0
    endloop
  endfacet
  facet normal -0.75188 0.6593 0
    outer loop
      vertex 82.0711 85.9289 0
      vertex 82.9335 86.9124 2.4
      vertex 82.9335 86.9124 0
    endloop
  endfacet
  facet normal -0.75188 0.6593 0
    outer loop
      vertex 82.9335 86.9124 2.4
      vertex 82.0711 85.9289 0
      vertex 82.0711 85.9289 2.4
    endloop
  endfacet
  facet normal -0.555617 0.831438 0
    outer loop
      vertex 81.0876 85.0665 0
      vertex 80 84.3397 2.4
      vertex 81.0876 85.0665 2.4
    endloop
  endfacet
  facet normal -0.555617 0.831438 0
    outer loop
      vertex 80 84.3397 2.4
      vertex 81.0876 85.0665 0
      vertex 80 84.3397 0
    endloop
  endfacet
  facet normal -0.946918 0.321475 0
    outer loop
      vertex 84.2388 89.1732 0
      vertex 84.6593 90.4118 2.4
      vertex 84.6593 90.4118 0
    endloop
  endfacet
  facet normal -0.946918 0.321475 0
    outer loop
      vertex 84.6593 90.4118 2.4
      vertex 84.2388 89.1732 0
      vertex 84.2388 89.1732 2.4
    endloop
  endfacet
  facet normal -0.831438 0.555617 0
    outer loop
      vertex 82.9335 86.9124 0
      vertex 83.6603 88 2.4
      vertex 83.6603 88 0
    endloop
  endfacet
  facet normal -0.831438 0.555617 0
    outer loop
      vertex 83.6603 88 2.4
      vertex 82.9335 86.9124 0
      vertex 82.9335 86.9124 2.4
    endloop
  endfacet
  facet normal 0.555617 0.831438 -0
    outer loop
      vertex 70 84.3397 0
      vertex 68.9124 85.0665 2.4
      vertex 70 84.3397 2.4
    endloop
  endfacet
  facet normal 0.555617 0.831438 0
    outer loop
      vertex 68.9124 85.0665 2.4
      vertex 70 84.3397 0
      vertex 68.9124 85.0665 0
    endloop
  endfacet
  facet normal 0.321475 0.946918 -0
    outer loop
      vertex 72.4118 83.3407 0
      vertex 71.1732 83.7612 2.4
      vertex 72.4118 83.3407 2.4
    endloop
  endfacet
  facet normal 0.321475 0.946918 0
    outer loop
      vertex 71.1732 83.7612 2.4
      vertex 72.4118 83.3407 0
      vertex 71.1732 83.7612 0
    endloop
  endfacet
  facet normal 0.0653621 0.997862 -0
    outer loop
      vertex 75 83 0
      vertex 73.6947 83.0855 2.4
      vertex 75 83 2.4
    endloop
  endfacet
  facet normal 0.0653621 0.997862 0
    outer loop
      vertex 73.6947 83.0855 2.4
      vertex 75 83 0
      vertex 73.6947 83.0855 0
    endloop
  endfacet
  facet normal 0.831438 0.555617 0
    outer loop
      vertex 67.0665 86.9124 2.4
      vertex 66.3397 88 0
      vertex 66.3397 88 2.4
    endloop
  endfacet
  facet normal 0.831438 0.555617 0
    outer loop
      vertex 66.3397 88 0
      vertex 67.0665 86.9124 2.4
      vertex 67.0665 86.9124 0
    endloop
  endfacet
  facet normal 0.6593 0.75188 -0
    outer loop
      vertex 68.9124 85.0665 0
      vertex 67.9289 85.9289 2.4
      vertex 68.9124 85.0665 2.4
    endloop
  endfacet
  facet normal 0.6593 0.75188 0
    outer loop
      vertex 67.9289 85.9289 2.4
      vertex 68.9124 85.0665 0
      vertex 67.9289 85.9289 0
    endloop
  endfacet
  facet normal 0.89689 0.442253 0
    outer loop
      vertex 66.3397 88 2.4
      vertex 65.7612 89.1732 0
      vertex 65.7612 89.1732 2.4
    endloop
  endfacet
  facet normal 0.89689 0.442253 0
    outer loop
      vertex 65.7612 89.1732 0
      vertex 66.3397 88 2.4
      vertex 66.3397 88 0
    endloop
  endfacet
  facet normal 0.980783 0.195102 0
    outer loop
      vertex 65.3407 90.4118 2.4
      vertex 65.0855 91.6947 0
      vertex 65.0855 91.6947 2.4
    endloop
  endfacet
  facet normal 0.980783 0.195102 0
    outer loop
      vertex 65.0855 91.6947 0
      vertex 65.3407 90.4118 2.4
      vertex 65.3407 90.4118 0
    endloop
  endfacet
  facet normal -0.321475 0.946918 0
    outer loop
      vertex 78.8268 83.7612 0
      vertex 77.5882 83.3407 2.4
      vertex 78.8268 83.7612 2.4
    endloop
  endfacet
  facet normal -0.321475 0.946918 0
    outer loop
      vertex 77.5882 83.3407 2.4
      vertex 78.8268 83.7612 0
      vertex 77.5882 83.3407 0
    endloop
  endfacet
  facet normal -0.6593 0.75188 0
    outer loop
      vertex 82.0711 85.9289 0
      vertex 81.0876 85.0665 2.4
      vertex 82.0711 85.9289 2.4
    endloop
  endfacet
  facet normal -0.6593 0.75188 0
    outer loop
      vertex 81.0876 85.0665 2.4
      vertex 82.0711 85.9289 0
      vertex 81.0876 85.0665 0
    endloop
  endfacet
  facet normal -0.980798 0.195028 0
    outer loop
      vertex 84.6593 90.4118 0
      vertex 84.9144 91.6947 2.4
      vertex 84.9144 91.6947 0
    endloop
  endfacet
  facet normal -0.980798 0.195028 0
    outer loop
      vertex 84.9144 91.6947 2.4
      vertex 84.6593 90.4118 0
      vertex 84.6593 90.4118 2.4
    endloop
  endfacet
  facet normal -0.89689 0.442253 0
    outer loop
      vertex 83.6603 88 0
      vertex 84.2388 89.1732 2.4
      vertex 84.2388 89.1732 0
    endloop
  endfacet
  facet normal -0.89689 0.442253 0
    outer loop
      vertex 84.2388 89.1732 2.4
      vertex 83.6603 88 0
      vertex 83.6603 88 2.4
    endloop
  endfacet
  facet normal 0.442253 0.89689 -0
    outer loop
      vertex 71.1732 83.7612 0
      vertex 70 84.3397 2.4
      vertex 71.1732 83.7612 2.4
    endloop
  endfacet
  facet normal 0.442253 0.89689 0
    outer loop
      vertex 70 84.3397 2.4
      vertex 71.1732 83.7612 0
      vertex 70 84.3397 0
    endloop
  endfacet
  facet normal -0.0653621 0.997862 0
    outer loop
      vertex 76.3053 83.0855 0
      vertex 75 83 2.4
      vertex 76.3053 83.0855 2.4
    endloop
  endfacet
  facet normal -0.0653621 0.997862 0
    outer loop
      vertex 75 83 2.4
      vertex 76.3053 83.0855 0
      vertex 75 83 0
    endloop
  endfacet
  facet normal 0.75188 0.6593 0
    outer loop
      vertex 67.9289 85.9289 2.4
      vertex 67.0665 86.9124 0
      vertex 67.0665 86.9124 2.4
    endloop
  endfacet
  facet normal 0.75188 0.6593 0
    outer loop
      vertex 67.0665 86.9124 0
      vertex 67.9289 85.9289 2.4
      vertex 67.9289 85.9289 0
    endloop
  endfacet
  facet normal 0.946918 0.321475 0
    outer loop
      vertex 65.7612 89.1732 2.4
      vertex 65.3407 90.4118 0
      vertex 65.3407 90.4118 2.4
    endloop
  endfacet
  facet normal 0.946918 0.321475 0
    outer loop
      vertex 65.3407 90.4118 0
      vertex 65.7612 89.1732 2.4
      vertex 65.7612 89.1732 0
    endloop
  endfacet
  facet normal -1 0 0
    outer loop
      vertex 25 20.2 2.4
      vertex 25 80.8 3.4
      vertex 25 80.8 2.4
    endloop
  endfacet
  facet normal -1 -0 0
    outer loop
      vertex 25 80.8 3.4
      vertex 25 20.2 2.4
      vertex 25 20.2 3.4
    endloop
  endfacet
  facet normal -0 0 1
    outer loop
      vertex 25 80.8 3.4
      vertex 27 20.2 3.4
      vertex 27 80.8 3.4
    endloop
  endfacet
  facet normal 0 0 1
    outer loop
      vertex 27 20.2 3.4
      vertex 25 80.8 3.4
      vertex 25 20.2 3.4
    endloop
  endfacet
  facet normal 1 -0 0
    outer loop
      vertex 27 20.2 3.4
      vertex 27 80.8 2.4
      vertex 27 80.8 3.4
    endloop
  endfacet
  facet normal 1 0 0
    outer loop
      vertex 27 80.8 2.4
      vertex 27 20.2 3.4
      vertex 27 20.2 2.4
    endloop
  endfacet
  facet normal 0 -1 0
    outer loop
      vertex 25 20.2 2.4
      vertex 27 20.2 3.4
      vertex 25 20.2 3.4
    endloop
  endfacet
  facet normal 0 -1 -0
    outer loop
      vertex 27 20.2 3.4
      vertex 25 20.2 2.4
      vertex 27 20.2 2.4
    endloop
  endfacet
  facet normal 0 1 -0
    outer loop
      vertex 27 80.8 2.4
      vertex 25 80.8 3.4
      vertex 27 80.8 3.4
    endloop
  endfacet
  facet normal 0 1 0
    outer loop
      vertex 25 80.8 3.4
      vertex 27 80.8 2.4
      vertex 25 80.8 2.4
    endloop
  endfacet
  facet normal -1 0 0
    outer loop
      vertex 74 20.2 2.4
      vertex 74 80.8 3.4
      vertex 74 80.8 2.4
    endloop
  endfacet
  facet normal -1 -0 0
    outer loop
      vertex 74 80.8 3.4
      vertex 74 20.2 2.4
      vertex 74 20.2 3.4
    endloop
  endfacet
  facet normal -0 0 1
    outer loop
      vertex 74 80.8 3.4
      vertex 76 20.2 3.4
      vertex 76 80.8 3.4
    endloop
  endfacet
  facet normal 0 0 1
    outer loop
      vertex 76 20.2 3.4
      vertex 74 80.8 3.4
      vertex 74 20.2 3.4
    endloop
  endfacet
  facet normal 1 -0 0
    outer loop
      vertex 76 20.2 3.4
      vertex 76 80.8 2.4
      vertex 76 80.8 3.4
    endloop
  endfacet
  facet normal 1 0 0
    outer loop
      vertex 76 80.8 2.4
      vertex 76 20.2 3.4
      vertex 76 20.2 2.4
    endloop
  endfacet
  facet normal 0 -1 0
    outer loop
      vertex 74 20.2 2.4
      vertex 76 20.2 3.4
      vertex 74 20.2 3.4
    endloop
  endfacet
  facet normal 0 -1 -0
    outer loop
      vertex 76 20.2 3.4
      vertex 74 20.2 2.4
      vertex 76 20.2 2.4
    endloop
  endfacet
  facet normal 0 1 -0
    outer loop
      vertex 76 80.8 2.4
      vertex 74 80.8 3.4
      vertex 76 80.8 3.4
    endloop
  endfacet
  facet normal 0 1 0
    outer loop
      vertex 74 80.8 3.4
      vertex 76 80.8 2.4
      vertex 74 80.8 2.4
    endloop
  endfacet
  facet normal -1 0 0
    outer loop
      vertex 123 20.2 2.4
      vertex 123 80.8 3.4
      vertex 123 80.8 2.4
    endloop
  endfacet
  facet normal -1 -0 0
    outer loop
      vertex 123 80.8 3.4
      vertex 123 20.2 2.4
      vertex 123 20.2 3.4
    endloop
  endfacet
  facet normal -0 0 1
    outer loop
      vertex 123 80.8 3.4
      vertex 125 20.2 3.4
      vertex 125 80.8 3.4
    endloop
  endfacet
  facet normal 0 0 1
    outer loop
      vertex 125 20.2 3.4
      vertex 123 80.8 3.4
      vertex 123 20.2 3.4
    endloop
  endfacet
  facet normal 1 -0 0
    outer loop
      vertex 125 20.2 3.4
      vertex 125 80.8 2.4
      vertex 125 80.8 3.4
    endloop
  endfacet
  facet normal 1 0 0
    outer loop
      vertex 125 80.8 2.4
      vertex 125 20.2 3.4
      vertex 125 20.2 2.4
    endloop
  endfacet
  facet normal 0 1 -0
    outer loop
      vertex 125 80.8 2.4
      vertex 123 80.8 3.4
      vertex 125 80.8 3.4
    endloop
  endfacet
  facet normal 0 1 0
    outer loop
      vertex 123 80.8 3.4
      vertex 125 80.8 2.4
      vertex 123 80.8 2.4
    endloop
  endfacet
  facet normal 0 -1 0
    outer loop
      vertex 123 20.2 2.4
      vertex 125 20.2 3.4
      vertex 123 20.2 3.4
    endloop
  endfacet
  facet normal 0 -1 -0
    outer loop
      vertex 125 20.2 3.4
      vertex 123 20.2 2.4
      vertex 125 20.2 2.4
    endloop
  endfacet
endsolid OpenSCAD_Model
